file_name,file_path,class_name,class_index
Video_Morris_Maze_Before_Irradiation_Day4_Protons_rat6_14-11-00_DS.png,../data/../data/1_chaining/Video_Morris_Maze_Before_Irradiation_Day4_Protons_rat6_14-11-00_DS.png,1_chaining,0
Video_Morris_Maze_30_days_Day3_Protons_rat1_11-43-26_DS.png,../data/../data/1_chaining/Video_Morris_Maze_30_days_Day3_Protons_rat1_11-43-26_DS.png,1_chaining,0
Video_Morris_Maze_30_days_Day1_Protons_rat3_12-27-52_DS.png,../data/../data/1_chaining/Video_Morris_Maze_30_days_Day1_Protons_rat3_12-27-52_DS.png,1_chaining,0
Video_Morris_Maze_Before_Irradiation_Day2_Control_rat1_10-38-54_DS.png,../data/../data/1_chaining/Video_Morris_Maze_Before_Irradiation_Day2_Control_rat1_10-38-54_DS.png,1_chaining,0
Video_Morris_Maze_90_days_Day2_Protons_rat3_11-54-43_DS.png,../data/../data/1_chaining/Video_Morris_Maze_90_days_Day2_Protons_rat3_11-54-43_DS.png,1_chaining,0
Video_Morris_Maze_30_days_Day2_Protons_rat6_12-00-41_DS.png,../data/../data/1_chaining/Video_Morris_Maze_30_days_Day2_Protons_rat6_12-00-41_DS.png,1_chaining,0
Video_Morris_Maze_Before_Irradiation_Day3_Protons_rat2_13-18-37_DS.png,../data/../data/1_chaining/Video_Morris_Maze_Before_Irradiation_Day3_Protons_rat2_13-18-37_DS.png,1_chaining,0
Video_Morris_Maze_90_days_Day2_Protons_rat5_12-08-56_DS.png,../data/../data/1_chaining/Video_Morris_Maze_90_days_Day2_Protons_rat5_12-08-56_DS.png,1_chaining,0
Video_Morris_Maze_30_days_Day3_Protons_rat5_11-52-17_DS.png,../data/../data/1_chaining/Video_Morris_Maze_30_days_Day3_Protons_rat5_11-52-17_DS.png,1_chaining,0
Video_Morris_Maze_30_days_Day3_Control_rat5_11-15-52_DS.png,../data/../data/1_chaining/Video_Morris_Maze_30_days_Day3_Control_rat5_11-15-52_DS.png,1_chaining,0
Video_Morris_Maze_Before_Irradiation_Day4_Protons_rat5_14-06-29_DS.png,../data/../data/1_chaining/Video_Morris_Maze_Before_Irradiation_Day4_Protons_rat5_14-06-29_DS.png,1_chaining,0
Video_Morris_Maze_90_days_Day3_Control_rat6_10-30-30_DS.png,../data/../data/1_chaining/Video_Morris_Maze_90_days_Day3_Control_rat6_10-30-30_DS.png,1_chaining,0
Video_Morris_Maze_30_days_Day2_Protons_rat1_11-44-24_DS.png,../data/../data/1_chaining/Video_Morris_Maze_30_days_Day2_Protons_rat1_11-44-24_DS.png,1_chaining,0
Video_Morris_Maze_30_days_Day3_Control_rat2_11-07-06_DS.png,../data/../data/1_chaining/Video_Morris_Maze_30_days_Day3_Control_rat2_11-07-06_DS.png,1_chaining,0
Video_Morris_Maze_Before_Irradiation_Day2_Control_rat4_10-56-28_DS.png,../data/../data/1_chaining/Video_Morris_Maze_Before_Irradiation_Day2_Control_rat4_10-56-28_DS.png,1_chaining,0
Video_Morris_Maze_30_days_Day3_Protons_rat7_11-56-41_DS.png,../data/../data/1_chaining/Video_Morris_Maze_30_days_Day3_Protons_rat7_11-56-41_DS.png,1_chaining,0
Video_Morris_Maze_30_days_Day2_Protons_rat6_11-59-45_DS.png,../data/../data/1_chaining/Video_Morris_Maze_30_days_Day2_Protons_rat6_11-59-45_DS.png,1_chaining,0
Video_Morris_Maze_30_days_Day1_Control_rat7_11-53-51_DS.png,../data/../data/1_chaining/Video_Morris_Maze_30_days_Day1_Control_rat7_11-53-51_DS.png,1_chaining,0
Video_Morris_Maze_Before_Irradiation_Day4_Control_rat4_13-13-41_DS.png,../data/../data/1_chaining/Video_Morris_Maze_Before_Irradiation_Day4_Control_rat4_13-13-41_DS.png,1_chaining,0
Video_Morris_Maze_Before_Irradiation_Day4_Control_rat6_13-20-54_DS.png,../data/../data/1_chaining/Video_Morris_Maze_Before_Irradiation_Day4_Control_rat6_13-20-54_DS.png,1_chaining,0
Video_Morris_Maze_30_days_Day3_Control_rat6_11-19-34_DS.png,../data/../data/1_chaining/Video_Morris_Maze_30_days_Day3_Control_rat6_11-19-34_DS.png,1_chaining,0
Video_Morris_Maze_30_days_Day1_Protons_rat2_12-25-22_DS.png,../data/../data/1_chaining/Video_Morris_Maze_30_days_Day1_Protons_rat2_12-25-22_DS.png,1_chaining,0
Video_Morris_Maze_30_days_Day3_Control_rat6_11-18-34_DS.png,../data/../data/1_chaining/Video_Morris_Maze_30_days_Day3_Control_rat6_11-18-34_DS.png,1_chaining,0
Video_Morris_Maze_Before_Irradiation_Day3_Control_rat2_12-17-18_DS.png,../data/../data/1_chaining/Video_Morris_Maze_Before_Irradiation_Day3_Control_rat2_12-17-18_DS.png,1_chaining,0
Video_Morris_Maze_30_days_Day2_Protons_rat1_11-43-42_DS.png,../data/../data/1_chaining/Video_Morris_Maze_30_days_Day2_Protons_rat1_11-43-42_DS.png,1_chaining,0
Video_Morris_Maze_30_days_Day2_Protons_rat6_11-58-49_DS.png,../data/../data/1_chaining/Video_Morris_Maze_30_days_Day2_Protons_rat6_11-58-49_DS.png,1_chaining,0
Video_Morris_Maze_Before_Irradiation_Day4_Control_rat3_13-10-52_DS.png,../data/../data/1_chaining/Video_Morris_Maze_Before_Irradiation_Day4_Control_rat3_13-10-52_DS.png,1_chaining,0
Video_Morris_Maze_Before_Irradiation_Day4_Control_rat7_13-23-52_DS.png,../data/../data/1_chaining/Video_Morris_Maze_Before_Irradiation_Day4_Control_rat7_13-23-52_DS.png,1_chaining,0
Video_Morris_Maze_Before_Irradiation_Day4_Protons_rat3_13-59-47_DS.png,../data/../data/1_chaining/Video_Morris_Maze_Before_Irradiation_Day4_Protons_rat3_13-59-47_DS.png,1_chaining,0
Video_Morris_Maze_30_days_Day2_Protons_rat5_11-57-42_DS.png,../data/../data/1_chaining/Video_Morris_Maze_30_days_Day2_Protons_rat5_11-57-42_DS.png,1_chaining,0
Video_Morris_Maze_90_days_Day3_Protons_rat4_11-05-47_DS.png,../data/../data/1_chaining/Video_Morris_Maze_90_days_Day3_Protons_rat4_11-05-47_DS.png,1_chaining,0
Video_Morris_Maze_30_days_Day1_Protons_rat7_12-47-20_DS.png,../data/../data/1_chaining/Video_Morris_Maze_30_days_Day1_Protons_rat7_12-47-20_DS.png,1_chaining,0
Video_Morris_Maze_Before_Irradiation_Day4_Protons_rat7_14-11-36_DS.png,../data/../data/1_chaining/Video_Morris_Maze_Before_Irradiation_Day4_Protons_rat7_14-11-36_DS.png,1_chaining,0
Video_Morris_Maze_30_days_Day3_Control_rat3_11-09-22_DS.png,../data/../data/1_chaining/Video_Morris_Maze_30_days_Day3_Control_rat3_11-09-22_DS.png,1_chaining,0
Video_Morris_Maze_90_days_Day3_Control_rat6_10-29-36_DS.png,../data/../data/1_chaining/Video_Morris_Maze_90_days_Day3_Control_rat6_10-29-36_DS.png,1_chaining,0
Video_Morris_Maze_Before_Irradiation_Day4_Control_rat7_13-24-49_DS.png,../data/../data/1_chaining/Video_Morris_Maze_Before_Irradiation_Day4_Control_rat7_13-24-49_DS.png,1_chaining,0
Video_Morris_Maze_90_days_Day2_Protons_rat3_11-52-23_DS.png,../data/../data/1_chaining/Video_Morris_Maze_90_days_Day2_Protons_rat3_11-52-23_DS.png,1_chaining,0
Video_Morris_Maze_30_days_Day2_Control_rat5_11-11-13_DS.png,../data/../data/1_chaining/Video_Morris_Maze_30_days_Day2_Control_rat5_11-11-13_DS.png,1_chaining,0
Video_Morris_Maze_Before_Irradiation_Day4_Protons_rat1_13-53-13_DS.png,../data/../data/1_chaining/Video_Morris_Maze_Before_Irradiation_Day4_Protons_rat1_13-53-13_DS.png,1_chaining,0
Video_Morris_Maze_90_days_Day1_Protons_rat3_11-51-33_DS.png,../data/../data/1_chaining/Video_Morris_Maze_90_days_Day1_Protons_rat3_11-51-33_DS.png,1_chaining,0
Video_Morris_Maze_30_days_Day4_Protons_rat6_12-55-47_DS.png,../data/../data/2_direct_path/Video_Morris_Maze_30_days_Day4_Protons_rat6_12-55-47_DS.png,2_direct_path,1
Video_Morris_Maze_30_days_Day4_Control_rat1_12-03-56_DS.png,../data/../data/2_direct_path/Video_Morris_Maze_30_days_Day4_Control_rat1_12-03-56_DS.png,2_direct_path,1
Video_Morris_Maze_30_days_Day4_Protons_rat6_12-54-11_DS.png,../data/../data/2_direct_path/Video_Morris_Maze_30_days_Day4_Protons_rat6_12-54-11_DS.png,2_direct_path,1
Video_Morris_Maze_30_days_Day4_Control_rat6_12-16-16_DS.png,../data/../data/2_direct_path/Video_Morris_Maze_30_days_Day4_Control_rat6_12-16-16_DS.png,2_direct_path,1
Video_Morris_Maze_30_days_Day3_Protons_rat6_11-53-28_DS.png,../data/../data/2_direct_path/Video_Morris_Maze_30_days_Day3_Protons_rat6_11-53-28_DS.png,2_direct_path,1
Video_Morris_Maze_90_days_Day3_Protons_rat5_11-07-32_DS.png,../data/../data/2_direct_path/Video_Morris_Maze_90_days_Day3_Protons_rat5_11-07-32_DS.png,2_direct_path,1
Video_Morris_Maze_90_days_Day3_Control_rat4_10-25-20_DS.png,../data/../data/2_direct_path/Video_Morris_Maze_90_days_Day3_Control_rat4_10-25-20_DS.png,2_direct_path,1
Video_Morris_Maze_30_days_Day2_Protons_rat2_11-46-00_DS.png,../data/../data/2_direct_path/Video_Morris_Maze_30_days_Day2_Protons_rat2_11-46-00_DS.png,2_direct_path,1
Video_Morris_Maze_90_days_Day3_Protons_rat3_11-02-09_DS.png,../data/../data/2_direct_path/Video_Morris_Maze_90_days_Day3_Protons_rat3_11-02-09_DS.png,2_direct_path,1
Video_Morris_Maze_90_days_Day3_Protons_rat1_10-54-49_DS.png,../data/../data/2_direct_path/Video_Morris_Maze_90_days_Day3_Protons_rat1_10-54-49_DS.png,2_direct_path,1
Video_Morris_Maze_30_days_Day2_Control_rat2_10-58-07_DS.png,../data/../data/2_direct_path/Video_Morris_Maze_30_days_Day2_Control_rat2_10-58-07_DS.png,2_direct_path,1
Video_Morris_Maze_90_days_Day4_Protons_rat4_12-44-34_DS.png,../data/../data/2_direct_path/Video_Morris_Maze_90_days_Day4_Protons_rat4_12-44-34_DS.png,2_direct_path,1
Video_Morris_Maze_30_days_Day4_Control_rat5_12-13-44_DS.png,../data/../data/2_direct_path/Video_Morris_Maze_30_days_Day4_Control_rat5_12-13-44_DS.png,2_direct_path,1
Video_Morris_Maze_90_days_Day3_Control_rat3_10-20-38_DS.png,../data/../data/2_direct_path/Video_Morris_Maze_90_days_Day3_Control_rat3_10-20-38_DS.png,2_direct_path,1
Video_Morris_Maze_Before_Irradiation_Day4_Protons_rat3_14-00-37_DS.png,../data/../data/2_direct_path/Video_Morris_Maze_Before_Irradiation_Day4_Protons_rat3_14-00-37_DS.png,2_direct_path,1
Video_Morris_Maze_30_days_Day4_Protons_rat3_12-47-43_DS.png,../data/../data/2_direct_path/Video_Morris_Maze_30_days_Day4_Protons_rat3_12-47-43_DS.png,2_direct_path,1
Video_Morris_Maze_30_days_Day4_Protons_rat5_12-51-20_DS.png,../data/../data/2_direct_path/Video_Morris_Maze_30_days_Day4_Protons_rat5_12-51-20_DS.png,2_direct_path,1
Video_Morris_Maze_90_days_Day2_Control_rat5_10-45-38_DS.png,../data/../data/2_direct_path/Video_Morris_Maze_90_days_Day2_Control_rat5_10-45-38_DS.png,2_direct_path,1
Video_Morris_Maze_30_days_Day1_Control_rat2_11-37-12_DS.png,../data/../data/2_direct_path/Video_Morris_Maze_30_days_Day1_Control_rat2_11-37-12_DS.png,2_direct_path,1
Video_Morris_Maze_90_days_Day3_Control_rat1_10-15-20_DS.png,../data/../data/2_direct_path/Video_Morris_Maze_90_days_Day3_Control_rat1_10-15-20_DS.png,2_direct_path,1
Video_Morris_Maze_Before_Irradiation_Day2_Control_rat2_10-43-12_DS.png,../data/../data/2_direct_path/Video_Morris_Maze_Before_Irradiation_Day2_Control_rat2_10-43-12_DS.png,2_direct_path,1
Video_Morris_Maze_90_days_Day4_Control_rat1_11-42-23_DS.png,../data/../data/2_direct_path/Video_Morris_Maze_90_days_Day4_Control_rat1_11-42-23_DS.png,2_direct_path,1
Video_Morris_Maze_30_days_Day2_Control_rat1_10-57-34_DS.png,../data/../data/2_direct_path/Video_Morris_Maze_30_days_Day2_Control_rat1_10-57-34_DS.png,2_direct_path,1
Video_Morris_Maze_30_days_Day2_Protons_rat7_12-01-10_DS.png,../data/../data/2_direct_path/Video_Morris_Maze_30_days_Day2_Protons_rat7_12-01-10_DS.png,2_direct_path,1
Video_Morris_Maze_90_days_Day4_Protons_rat5_12-46-29_DS.png,../data/../data/2_direct_path/Video_Morris_Maze_90_days_Day4_Protons_rat5_12-46-29_DS.png,2_direct_path,1
Video_Morris_Maze_30_days_Day4_Protons_rat1_12-40-03_DS.png,../data/../data/2_direct_path/Video_Morris_Maze_30_days_Day4_Protons_rat1_12-40-03_DS.png,2_direct_path,1
Video_Morris_Maze_90_days_Day1_Control_rat3_11-17-46_DS - Copy.png,../data/../data/2_direct_path/Video_Morris_Maze_90_days_Day1_Control_rat3_11-17-46_DS - Copy.png,2_direct_path,1
Video_Morris_Maze_90_days_Day4_Protons_rat2_12-37-50_DS.png,../data/../data/2_direct_path/Video_Morris_Maze_90_days_Day4_Protons_rat2_12-37-50_DS.png,2_direct_path,1
Video_Morris_Maze_30_days_Day4_Protons_rat7_12-57-22_DS.png,../data/../data/2_direct_path/Video_Morris_Maze_30_days_Day4_Protons_rat7_12-57-22_DS.png,2_direct_path,1
Video_Morris_Maze_90_days_Day4_Control_rat4_11-49-17_DS.png,../data/../data/2_direct_path/Video_Morris_Maze_90_days_Day4_Control_rat4_11-49-17_DS.png,2_direct_path,1
Video_Morris_Maze_Before_Irradiation_Day4_Protons_rat7_14-13-16_DS.png,../data/../data/2_direct_path/Video_Morris_Maze_Before_Irradiation_Day4_Protons_rat7_14-13-16_DS.png,2_direct_path,1
Video_Morris_Maze_Before_Irradiation_Day1_Protones_group3__rat6_16-14-56_DS.png,../data/../data/2_direct_path/Video_Morris_Maze_Before_Irradiation_Day1_Protones_group3__rat6_16-14-56_DS.png,2_direct_path,1
Video_Morris_Maze_30_days_Day1_Protons_rat5_12-38-48_DS.png,../data/../data/2_direct_path/Video_Morris_Maze_30_days_Day1_Protons_rat5_12-38-48_DS.png,2_direct_path,1
Video_Morris_Maze_90_days_Day1_Control_rat3_11-16-05_DS.png,../data/../data/2_direct_path/Video_Morris_Maze_90_days_Day1_Control_rat3_11-16-05_DS.png,2_direct_path,1
Video_Morris_Maze_30_days_Day3_Protons_rat4_11-48-23_DS.png,../data/../data/2_direct_path/Video_Morris_Maze_30_days_Day3_Protons_rat4_11-48-23_DS.png,2_direct_path,1
Video_Morris_Maze_90_days_Day2_Control_rat1_10-33-59_DS.png,../data/../data/2_direct_path/Video_Morris_Maze_90_days_Day2_Control_rat1_10-33-59_DS.png,2_direct_path,1
Video_Morris_Maze_30_days_Day3_Control_rat5_11-15-02_DS.png,../data/../data/2_direct_path/Video_Morris_Maze_30_days_Day3_Control_rat5_11-15-02_DS.png,2_direct_path,1
Video_Morris_Maze_30_days_Day3_Protons_rat3_11-47-45_DS.png,../data/../data/2_direct_path/Video_Morris_Maze_30_days_Day3_Protons_rat3_11-47-45_DS.png,2_direct_path,1
Video_Morris_Maze_30_days_Day1_Control_rat1_11-34-32_DS.png,../data/../data/2_direct_path/Video_Morris_Maze_30_days_Day1_Control_rat1_11-34-32_DS.png,2_direct_path,1
Video_Morris_Maze_90_days_Day1_Protons_rat2_11-48-10_DS.png,../data/../data/2_direct_path/Video_Morris_Maze_90_days_Day1_Protons_rat2_11-48-10_DS.png,2_direct_path,1
Video_Morris_Maze_90_days_Day4_Control_rat4_11-50-11_DS.png,../data/../data/2_direct_path/Video_Morris_Maze_90_days_Day4_Control_rat4_11-50-11_DS.png,2_direct_path,1
Video_Morris_Maze_90_days_Day3_Control_rat2_10-18-49_DS.png,../data/../data/2_direct_path/Video_Morris_Maze_90_days_Day3_Control_rat2_10-18-49_DS.png,2_direct_path,1
Video_Morris_Maze_30_days_Day2_Protons_rat2_11-47-07_DS.png,../data/../data/2_direct_path/Video_Morris_Maze_30_days_Day2_Protons_rat2_11-47-07_DS.png,2_direct_path,1
Video_Morris_Maze_30_days_Day4_Control_rat1_12-02-47_DS.png,../data/../data/2_direct_path/Video_Morris_Maze_30_days_Day4_Control_rat1_12-02-47_DS.png,2_direct_path,1
Video_Morris_Maze_30_days_Day3_Protons_rat6_11-55-17_DS.png,../data/../data/2_direct_path/Video_Morris_Maze_30_days_Day3_Protons_rat6_11-55-17_DS.png,2_direct_path,1
Video_Morris_Maze_30_days_Day3_Control_rat5_11-14-16_DS.png,../data/../data/2_direct_path/Video_Morris_Maze_30_days_Day3_Control_rat5_11-14-16_DS.png,2_direct_path,1
Video_Morris_Maze_30_days_Day1_Protons_rat5_12-36-59_DS.png,../data/../data/2_direct_path/Video_Morris_Maze_30_days_Day1_Protons_rat5_12-36-59_DS.png,2_direct_path,1
Video_Morris_Maze_30_days_Day1_Control_rat4_11-43-38_DS.png,../data/../data/2_direct_path/Video_Morris_Maze_30_days_Day1_Control_rat4_11-43-38_DS.png,2_direct_path,1
Video_Morris_Maze_90_days_Day4_Protons_rat5_12-45-50_DS.png,../data/../data/2_direct_path/Video_Morris_Maze_90_days_Day4_Protons_rat5_12-45-50_DS.png,2_direct_path,1
Video_Morris_Maze_30_days_Day1_Control_rat6_11-50-53_DS.png,../data/../data/2_direct_path/Video_Morris_Maze_30_days_Day1_Control_rat6_11-50-53_DS.png,2_direct_path,1
Video_Morris_Maze_30_days_Day4_Control_rat7_12-18-48_DS.png,../data/../data/2_direct_path/Video_Morris_Maze_30_days_Day4_Control_rat7_12-18-48_DS.png,2_direct_path,1
Video_Morris_Maze_90_days_Day4_Control_rat5_11-52-39_DS.png,../data/../data/2_direct_path/Video_Morris_Maze_90_days_Day4_Control_rat5_11-52-39_DS.png,2_direct_path,1
Video_Morris_Maze_90_days_Day4_Control_rat4_11-48-27_DS.png,../data/../data/2_direct_path/Video_Morris_Maze_90_days_Day4_Control_rat4_11-48-27_DS.png,2_direct_path,1
Video_Morris_Maze_30_days_Day1_Control_rat5_11-46-49_DS.png,../data/../data/2_direct_path/Video_Morris_Maze_30_days_Day1_Control_rat5_11-46-49_DS.png,2_direct_path,1
Video_Morris_Maze_90_days_Day3_Control_rat3_10-21-39_DS.png,../data/../data/2_direct_path/Video_Morris_Maze_90_days_Day3_Control_rat3_10-21-39_DS.png,2_direct_path,1
Video_Morris_Maze_30_days_Day4_Protons_rat5_12-52-14_DS.png,../data/../data/2_direct_path/Video_Morris_Maze_30_days_Day4_Protons_rat5_12-52-14_DS.png,2_direct_path,1
Video_Morris_Maze_30_days_Day3_Control_rat2_11-08-54_DS.png,../data/../data/2_direct_path/Video_Morris_Maze_30_days_Day3_Control_rat2_11-08-54_DS.png,2_direct_path,1
Video_Morris_Maze_90_days_Day3_Control_rat4_10-23-59_DS.png,../data/../data/2_direct_path/Video_Morris_Maze_90_days_Day3_Control_rat4_10-23-59_DS.png,2_direct_path,1
Video_Morris_Maze_90_days_Day4_Control_rat2_11-45-34_DS.png,../data/../data/2_direct_path/Video_Morris_Maze_90_days_Day4_Control_rat2_11-45-34_DS.png,2_direct_path,1
Video_Morris_Maze_Before_Irradiation_Day2_Control_rat7_11-12-04_DS.png,../data/../data/2_direct_path/Video_Morris_Maze_Before_Irradiation_Day2_Control_rat7_11-12-04_DS.png,2_direct_path,1
Video_Morris_Maze_30_days_Day2_Protons_rat3_11-49-32_DS.png,../data/../data/2_direct_path/Video_Morris_Maze_30_days_Day2_Protons_rat3_11-49-32_DS.png,2_direct_path,1
Video_Morris_Maze_30_days_Day3_Control_rat7_11-20-24_DS.png,../data/../data/2_direct_path/Video_Morris_Maze_30_days_Day3_Control_rat7_11-20-24_DS.png,2_direct_path,1
Video_Morris_Maze_30_days_Day4_Control_rat3_12-07-13_DS.png,../data/../data/2_direct_path/Video_Morris_Maze_30_days_Day4_Control_rat3_12-07-13_DS.png,2_direct_path,1
Video_Morris_Maze_90_days_Day2_Control_rat3_10-39-09_DS.png,../data/../data/2_direct_path/Video_Morris_Maze_90_days_Day2_Control_rat3_10-39-09_DS.png,2_direct_path,1
Video_Morris_Maze_30_days_Day4_Protons_rat3_12-45-23_DS.png,../data/../data/2_direct_path/Video_Morris_Maze_30_days_Day4_Protons_rat3_12-45-23_DS.png,2_direct_path,1
Video_Morris_Maze_90_days_Day3_Control_rat2_10-20-15_DS.png,../data/../data/2_direct_path/Video_Morris_Maze_90_days_Day3_Control_rat2_10-20-15_DS.png,2_direct_path,1
Video_Morris_Maze_90_days_Day2_Control_rat6_10-49-43_DS.png,../data/../data/2_direct_path/Video_Morris_Maze_90_days_Day2_Control_rat6_10-49-43_DS.png,2_direct_path,1
Video_Morris_Maze_90_days_Day3_Protons_rat2_11-00-35_DS.png,../data/../data/3_direct_search/Video_Morris_Maze_90_days_Day3_Protons_rat2_11-00-35_DS.png,3_direct_search,2
Video_Morris_Maze_30_days_Day3_Control_rat3_11-10-19_DS.png,../data/../data/3_direct_search/Video_Morris_Maze_30_days_Day3_Control_rat3_11-10-19_DS.png,3_direct_search,2
Video_Morris_Maze_90_days_Day2_Control_rat5_10-46-28_DS.png,../data/../data/3_direct_search/Video_Morris_Maze_90_days_Day2_Control_rat5_10-46-28_DS.png,3_direct_search,2
Video_Morris_Maze_90_days_Day2_Protons_rat1_11-20-40_DS.png,../data/../data/3_direct_search/Video_Morris_Maze_90_days_Day2_Protons_rat1_11-20-40_DS.png,3_direct_search,2
Video_Morris_Maze_90_days_Day4_Protons_rat1_12-35-42_DS.png,../data/../data/3_direct_search/Video_Morris_Maze_90_days_Day4_Protons_rat1_12-35-42_DS.png,3_direct_search,2
Video_Morris_Maze_Before_Irradiation_Day1_Protones_group3__rat6_16-13-56_DS.png,../data/../data/3_direct_search/Video_Morris_Maze_Before_Irradiation_Day1_Protones_group3__rat6_16-13-56_DS.png,3_direct_search,2
Video_Morris_Maze_90_days_Day3_Protons_rat3_11-03-04_DS.png,../data/../data/3_direct_search/Video_Morris_Maze_90_days_Day3_Protons_rat3_11-03-04_DS.png,3_direct_search,2
Video_Morris_Maze_30_days_Day3_Protons_rat7_11-55-44_DS.png,../data/../data/3_direct_search/Video_Morris_Maze_30_days_Day3_Protons_rat7_11-55-44_DS.png,3_direct_search,2
Video_Morris_Maze_90_days_Day3_Control_rat4_10-26-01_DS.png,../data/../data/3_direct_search/Video_Morris_Maze_90_days_Day3_Control_rat4_10-26-01_DS.png,3_direct_search,2
Video_Morris_Maze_90_days_Day4_Control_rat3_11-45-56_DS.png,../data/../data/3_direct_search/Video_Morris_Maze_90_days_Day4_Control_rat3_11-45-56_DS.png,3_direct_search,2
Video_Morris_Maze_90_days_Day3_Control_rat1_10-17-15_DS.png,../data/../data/3_direct_search/Video_Morris_Maze_90_days_Day3_Control_rat1_10-17-15_DS.png,3_direct_search,2
Video_Morris_Maze_90_days_Day2_Control_rat4_10-43-14_DS.png,../data/../data/3_direct_search/Video_Morris_Maze_90_days_Day2_Control_rat4_10-43-14_DS.png,3_direct_search,2
Video_Morris_Maze_30_days_Day2_Control_rat5_11-09-38_DS.png,../data/../data/3_direct_search/Video_Morris_Maze_30_days_Day2_Control_rat5_11-09-38_DS.png,3_direct_search,2
Video_Morris_Maze_90_days_Day2_Control_rat1_10-33-08_DS.png,../data/../data/3_direct_search/Video_Morris_Maze_90_days_Day2_Control_rat1_10-33-08_DS.png,3_direct_search,2
Video_Morris_Maze_30_days_Day3_Control_rat7_11-22-11_DS.png,../data/../data/3_direct_search/Video_Morris_Maze_30_days_Day3_Control_rat7_11-22-11_DS.png,3_direct_search,2
Video_Morris_Maze_90_days_Day3_Control_rat3_10-23-03_DS.png,../data/../data/3_direct_search/Video_Morris_Maze_90_days_Day3_Control_rat3_10-23-03_DS.png,3_direct_search,2
Video_Morris_Maze_Before_Irradiation_Day4_Control_rat1_13-02-22_DS.png,../data/../data/3_direct_search/Video_Morris_Maze_Before_Irradiation_Day4_Control_rat1_13-02-22_DS.png,3_direct_search,2
Video_Morris_Maze_30_days_Day2_Protons_rat7_12-01-58_DS.png,../data/../data/3_direct_search/Video_Morris_Maze_30_days_Day2_Protons_rat7_12-01-58_DS.png,3_direct_search,2
Video_Morris_Maze_30_days_Day3_Protons_rat7_11-57-29_DS.png,../data/../data/3_direct_search/Video_Morris_Maze_30_days_Day3_Protons_rat7_11-57-29_DS.png,3_direct_search,2
Video_Morris_Maze_30_days_Day3_Control_rat7_11-21-29_DS.png,../data/../data/3_direct_search/Video_Morris_Maze_30_days_Day3_Control_rat7_11-21-29_DS.png,3_direct_search,2
Video_Morris_Maze_90_days_Day4_Control_rat5_11-51-57_DS.png,../data/../data/3_direct_search/Video_Morris_Maze_90_days_Day4_Control_rat5_11-51-57_DS.png,3_direct_search,2
Video_Morris_Maze_90_days_Day1_Control_rat2_11-14-14_DS.png,../data/../data/3_direct_search/Video_Morris_Maze_90_days_Day1_Control_rat2_11-14-14_DS.png,3_direct_search,2
Video_Morris_Maze_90_days_Day1_Protons_rat1_11-45-37_DS.png,../data/../data/3_direct_search/Video_Morris_Maze_90_days_Day1_Protons_rat1_11-45-37_DS.png,3_direct_search,2
Video_Morris_Maze_30_days_Day2_Control_rat5_11-08-24_DS.png,../data/../data/3_direct_search/Video_Morris_Maze_30_days_Day2_Control_rat5_11-08-24_DS.png,3_direct_search,2
Video_Morris_Maze_30_days_Day3_Protons_rat3_11-46-08_DS.png,../data/../data/3_direct_search/Video_Morris_Maze_30_days_Day3_Protons_rat3_11-46-08_DS.png,3_direct_search,2
Video_Morris_Maze_90_days_Day1_Control_rat1_11-10-59_DS.png,../data/../data/3_direct_search/Video_Morris_Maze_90_days_Day1_Control_rat1_11-10-59_DS.png,3_direct_search,2
Video_Morris_Maze_90_days_Day2_Protons_rat1_11-19-35_DS.png,../data/../data/3_direct_search/Video_Morris_Maze_90_days_Day2_Protons_rat1_11-19-35_DS.png,3_direct_search,2
Video_Morris_Maze_30_days_Day3_Protons_rat6_11-54-17_DS.png,../data/../data/3_direct_search/Video_Morris_Maze_30_days_Day3_Protons_rat6_11-54-17_DS.png,3_direct_search,2
Video_Morris_Maze_Before_Irradiation_Day1_Control_morris_test_rat6_13-37-08_DS.png,../data/../data/3_direct_search/Video_Morris_Maze_Before_Irradiation_Day1_Control_morris_test_rat6_13-37-08_DS.png,3_direct_search,2
Video_Morris_Maze_30_days_Day1_Control_rat2_11-36-20_DS.png,../data/../data/3_direct_search/Video_Morris_Maze_30_days_Day1_Control_rat2_11-36-20_DS.png,3_direct_search,2
Video_Morris_Maze_30_days_Day2_Protons_rat1_11-42-37_DS.png,../data/../data/4_focal_search/Video_Morris_Maze_30_days_Day2_Protons_rat1_11-42-37_DS.png,4_focal_search,3
Video_Morris_Maze_90_days_Day4_Control_rat6_11-54-02_DS.png,../data/../data/4_focal_search/Video_Morris_Maze_90_days_Day4_Control_rat6_11-54-02_DS.png,4_focal_search,3
Video_Morris_Maze_30_days_Day4_Control_rat3_12-08-04_DS.png,../data/../data/4_focal_search/Video_Morris_Maze_30_days_Day4_Control_rat3_12-08-04_DS.png,4_focal_search,3
Video_Morris_Maze_30_days_Day3_Protons_rat4_11-48-58_DS.png,../data/../data/4_focal_search/Video_Morris_Maze_30_days_Day3_Protons_rat4_11-48-58_DS.png,4_focal_search,3
Video_Morris_Maze_30_days_Day3_Protons_rat2_11-44-46_DS.png,../data/../data/4_focal_search/Video_Morris_Maze_30_days_Day3_Protons_rat2_11-44-46_DS.png,4_focal_search,3
Video_Morris_Maze_30_days_Day3_Control_rat2_11-07-57_DS.png,../data/../data/4_focal_search/Video_Morris_Maze_30_days_Day3_Control_rat2_11-07-57_DS.png,4_focal_search,3
Video_Morris_Maze_Before_Irradiation_Day2_Control_rat1_10-39-51_DS.png,../data/../data/4_focal_search/Video_Morris_Maze_Before_Irradiation_Day2_Control_rat1_10-39-51_DS.png,4_focal_search,3
Video_Morris_Maze_30_days_Day4_Control_rat3_12-09-10_DS.png,../data/../data/4_focal_search/Video_Morris_Maze_30_days_Day4_Control_rat3_12-09-10_DS.png,4_focal_search,3
Video_Morris_Maze_30_days_Day4_Control_rat4_12-10-16_DS.png,../data/../data/4_focal_search/Video_Morris_Maze_30_days_Day4_Control_rat4_12-10-16_DS.png,4_focal_search,3
Video_Morris_Maze_90_days_Day2_Control_rat4_10-45-09_DS.png,../data/../data/4_focal_search/Video_Morris_Maze_90_days_Day2_Control_rat4_10-45-09_DS.png,4_focal_search,3
Video_Morris_Maze_30_days_Day4_Control_rat4_12-12-00_DS.png,../data/../data/4_focal_search/Video_Morris_Maze_30_days_Day4_Control_rat4_12-12-00_DS.png,4_focal_search,3
Video_Morris_Maze_90_days_Day3_Control_rat5_10-26-24_DS.png,../data/../data/4_focal_search/Video_Morris_Maze_90_days_Day3_Control_rat5_10-26-24_DS.png,4_focal_search,3
Video_Morris_Maze_90_days_Day2_Control_rat4_10-44-09_DS.png,../data/../data/4_focal_search/Video_Morris_Maze_90_days_Day2_Control_rat4_10-44-09_DS.png,4_focal_search,3
Video_Morris_Maze_90_days_Day1_Control_rat2_11-13-05_DS.png,../data/../data/4_focal_search/Video_Morris_Maze_90_days_Day1_Control_rat2_11-13-05_DS.png,4_focal_search,3
Video_Morris_Maze_30_days_Day1_Control_rat3_11-40-09_DS.png,../data/../data/4_focal_search/Video_Morris_Maze_30_days_Day1_Control_rat3_11-40-09_DS.png,4_focal_search,3
Video_Morris_Maze_30_days_Day2_Protons_rat2_11-45-00_DS.png,../data/../data/4_focal_search/Video_Morris_Maze_30_days_Day2_Protons_rat2_11-45-00_DS.png,4_focal_search,3
Video_Morris_Maze_30_days_Day1_Protons_rat5_12-38-03_DS.png,../data/../data/4_focal_search/Video_Morris_Maze_30_days_Day1_Protons_rat5_12-38-03_DS.png,4_focal_search,3
Video_Morris_Maze_30_days_Day4_Protons_rat6_12-53-13_DS.png,../data/../data/4_focal_search/Video_Morris_Maze_30_days_Day4_Protons_rat6_12-53-13_DS.png,4_focal_search,3
Video_Morris_Maze_30_days_Day4_Control_rat4_12-11-04_DS.png,../data/../data/4_focal_search/Video_Morris_Maze_30_days_Day4_Control_rat4_12-11-04_DS.png,4_focal_search,3
Video_Morris_Maze_30_days_Day2_Protons_rat7_12-02-37_DS.png,../data/../data/4_focal_search/Video_Morris_Maze_30_days_Day2_Protons_rat7_12-02-37_DS.png,4_focal_search,3
Video_Morris_Maze_30_days_Day4_Protons_rat4_12-49-25_DS.png,../data/../data/4_focal_search/Video_Morris_Maze_30_days_Day4_Protons_rat4_12-49-25_DS.png,4_focal_search,3
Video_Morris_Maze_90_days_Day3_Protons_rat2_10-58-27_DS.png,../data/../data/4_focal_search/Video_Morris_Maze_90_days_Day3_Protons_rat2_10-58-27_DS.png,4_focal_search,3
Video_Morris_Maze_30_days_Day3_Control_rat1_11-05-41_DS.png,../data/../data/4_focal_search/Video_Morris_Maze_30_days_Day3_Control_rat1_11-05-41_DS.png,4_focal_search,3
Video_Morris_Maze_90_days_Day3_Protons_rat3_11-01-06_DS.png,../data/../data/4_focal_search/Video_Morris_Maze_90_days_Day3_Protons_rat3_11-01-06_DS.png,4_focal_search,3
Video_Morris_Maze_30_days_Day2_Protons_rat3_11-48-45_DS.png,../data/../data/4_focal_search/Video_Morris_Maze_30_days_Day2_Protons_rat3_11-48-45_DS.png,4_focal_search,3
Video_Morris_Maze_30_days_Day2_Control_rat2_11-00-12_DS.png,../data/../data/4_focal_search/Video_Morris_Maze_30_days_Day2_Control_rat2_11-00-12_DS.png,4_focal_search,3
Video_Morris_Maze_90_days_Day1_Protons_rat4_11-57-10_DS.png,../data/../data/4_focal_search/Video_Morris_Maze_90_days_Day1_Protons_rat4_11-57-10_DS.png,4_focal_search,3
Video_Morris_Maze_30_days_Day4_Control_rat1_12-03-22_DS.png,../data/../data/4_focal_search/Video_Morris_Maze_30_days_Day4_Control_rat1_12-03-22_DS.png,4_focal_search,3
Video_Morris_Maze_90_days_Day1_Protons_rat2_11-50-07_DS.png,../data/../data/4_focal_search/Video_Morris_Maze_90_days_Day1_Protons_rat2_11-50-07_DS.png,4_focal_search,3
Video_Morris_Maze_30_days_Day3_Control_rat4_11-13-49_DS.png,../data/../data/4_focal_search/Video_Morris_Maze_30_days_Day3_Control_rat4_11-13-49_DS.png,4_focal_search,3
Video_Morris_Maze_30_days_Day2_Control_rat2_10-59-09_DS.png,../data/../data/4_focal_search/Video_Morris_Maze_30_days_Day2_Control_rat2_10-59-09_DS.png,4_focal_search,3
Video_Morris_Maze_90_days_Day1_Protons_rat2_11-49-16_DS.png,../data/../data/4_focal_search/Video_Morris_Maze_90_days_Day1_Protons_rat2_11-49-16_DS.png,4_focal_search,3
Video_Morris_Maze_30_days_Day4_Protons_rat1_12-40-44_DS.png,../data/../data/4_focal_search/Video_Morris_Maze_30_days_Day4_Protons_rat1_12-40-44_DS.png,4_focal_search,3
Video_Morris_Maze_90_days_Day3_Control_rat5_10-29-00_DS.png,../data/../data/4_focal_search/Video_Morris_Maze_90_days_Day3_Control_rat5_10-29-00_DS.png,4_focal_search,3
Video_Morris_Maze_90_days_Day3_Protons_rat5_11-10-41_DS.png,../data/../data/4_focal_search/Video_Morris_Maze_90_days_Day3_Protons_rat5_11-10-41_DS.png,4_focal_search,3
Video_Morris_Maze_30_days_Day4_Protons_rat1_12-39-12_DS.png,../data/../data/4_focal_search/Video_Morris_Maze_30_days_Day4_Protons_rat1_12-39-12_DS.png,4_focal_search,3
Video_Morris_Maze_30_days_Day4_Protons_rat4_12-50-09_DS.png,../data/../data/4_focal_search/Video_Morris_Maze_30_days_Day4_Protons_rat4_12-50-09_DS.png,4_focal_search,3
Video_Morris_Maze_30_days_Day4_Protons_rat3_12-46-25_DS.png,../data/../data/4_focal_search/Video_Morris_Maze_30_days_Day4_Protons_rat3_12-46-25_DS.png,4_focal_search,3
Video_Morris_Maze_90_days_Day2_Protons_rat2_11-21-08_DS.png,../data/../data/4_focal_search/Video_Morris_Maze_90_days_Day2_Protons_rat2_11-21-08_DS.png,4_focal_search,3
Video_Morris_Maze_30_days_Day3_Protons_rat4_11-49-35_DS.png,../data/../data/4_focal_search/Video_Morris_Maze_30_days_Day3_Protons_rat4_11-49-35_DS.png,4_focal_search,3
Video_Morris_Maze_90_days_Day3_Protons_rat2_10-56-26_DS.png,../data/../data/4_focal_search/Video_Morris_Maze_90_days_Day3_Protons_rat2_10-56-26_DS.png,4_focal_search,3
Video_Morris_Maze_90_days_Day4_Control_rat3_11-46-45_DS.png,../data/../data/4_focal_search/Video_Morris_Maze_90_days_Day4_Control_rat3_11-46-45_DS.png,4_focal_search,3
Video_Morris_Maze_90_days_Day4_Control_rat6_11-55-03_DS.png,../data/../data/4_focal_search/Video_Morris_Maze_90_days_Day4_Control_rat6_11-55-03_DS.png,4_focal_search,3
Video_Morris_Maze_30_days_Day2_Control_rat1_10-56-37_DS.png,../data/../data/4_focal_search/Video_Morris_Maze_30_days_Day2_Control_rat1_10-56-37_DS.png,4_focal_search,3
Video_Morris_Maze_30_days_Day3_Protons_rat2_11-45-32_DS.png,../data/../data/4_focal_search/Video_Morris_Maze_30_days_Day3_Protons_rat2_11-45-32_DS.png,4_focal_search,3
Video_Morris_Maze_30_days_Day4_Control_rat5_12-12-39_DS.png,../data/../data/4_focal_search/Video_Morris_Maze_30_days_Day4_Control_rat5_12-12-39_DS.png,4_focal_search,3
Video_Morris_Maze_90_days_Day1_Control_rat5_11-22-33_DS.png,../data/../data/5_indirect_search/Video_Morris_Maze_90_days_Day1_Control_rat5_11-22-33_DS.png,5_indirect_search,4
Video_Morris_Maze_90_days_Day1_Control_rat6_11-26-16_DS.png,../data/../data/5_indirect_search/Video_Morris_Maze_90_days_Day1_Control_rat6_11-26-16_DS.png,5_indirect_search,4
Video_Morris_Maze_30_days_Day2_Control_rat6_11-12-16_DS.png,../data/../data/5_indirect_search/Video_Morris_Maze_30_days_Day2_Control_rat6_11-12-16_DS.png,5_indirect_search,4
Video_Morris_Maze_90_days_Day1_Control_rat6_11-25-16_DS.png,../data/../data/5_indirect_search/Video_Morris_Maze_90_days_Day1_Control_rat6_11-25-16_DS.png,5_indirect_search,4
Video_Morris_Maze_90_days_Day2_Control_rat2_10-37-35_DS.png,../data/../data/5_indirect_search/Video_Morris_Maze_90_days_Day2_Control_rat2_10-37-35_DS.png,5_indirect_search,4
Video_Morris_Maze_Before_Irradiation_Day1_Control_morris_test_rat2_13-09-09_DS.png,../data/../data/5_indirect_search/Video_Morris_Maze_Before_Irradiation_Day1_Control_morris_test_rat2_13-09-09_DS.png,5_indirect_search,4
Video_Morris_Maze_90_days_Day2_Control_rat6_10-48-36_DS.png,../data/../data/5_indirect_search/Video_Morris_Maze_90_days_Day2_Control_rat6_10-48-36_DS.png,5_indirect_search,4
Video_Morris_Maze_30_days_Day2_Control_rat3_11-04-10_DS.png,../data/../data/5_indirect_search/Video_Morris_Maze_30_days_Day2_Control_rat3_11-04-10_DS.png,5_indirect_search,4
Video_Morris_Maze_90_days_Day1_Protons_rat1_11-45-37_DS.png,../data/../data/5_indirect_search/Video_Morris_Maze_90_days_Day1_Protons_rat1_11-45-37_DS.png,5_indirect_search,4
Video_Morris_Maze_Before_Irradiation_Day3_Control_rat4_12-23-56_DS.png,../data/../data/5_indirect_search/Video_Morris_Maze_Before_Irradiation_Day3_Control_rat4_12-23-56_DS.png,5_indirect_search,4
Video_Morris_Maze_30_days_Day2_Control_rat1_10-55-44_DS.png,../data/../data/5_indirect_search/Video_Morris_Maze_30_days_Day2_Control_rat1_10-55-44_DS.png,5_indirect_search,4
Video_Morris_Maze_30_days_Day2_Control_rat6_11-13-19_DS.png,../data/../data/5_indirect_search/Video_Morris_Maze_30_days_Day2_Control_rat6_11-13-19_DS.png,5_indirect_search,4
Video_Morris_Maze_30_days_Day3_Control_rat4_11-12-52_DS.png,../data/../data/5_indirect_search/Video_Morris_Maze_30_days_Day3_Control_rat4_11-12-52_DS.png,5_indirect_search,4
Video_Morris_Maze_30_days_Day1_Control_rat1_11-33-36_DS.png,../data/../data/5_indirect_search/Video_Morris_Maze_30_days_Day1_Control_rat1_11-33-36_DS.png,5_indirect_search,4
Video_Morris_Maze_90_days_Day4_Control_rat3_11-47-39_DS.png,../data/../data/5_indirect_search/Video_Morris_Maze_90_days_Day4_Control_rat3_11-47-39_DS.png,5_indirect_search,4
Video_Morris_Maze_30_days_Day4_Control_rat6_12-18-13_DS.png,../data/../data/5_indirect_search/Video_Morris_Maze_30_days_Day4_Control_rat6_12-18-13_DS.png,5_indirect_search,4
Video_Morris_Maze_30_days_Day2_Control_rat3_11-02-04_DS.png,../data/../data/5_indirect_search/Video_Morris_Maze_30_days_Day2_Control_rat3_11-02-04_DS.png,5_indirect_search,4
Video_Morris_Maze_30_days_Day3_Protons_rat3_11-46-53_DS.png,../data/../data/5_indirect_search/Video_Morris_Maze_30_days_Day3_Protons_rat3_11-46-53_DS.png,5_indirect_search,4
Video_Morris_Maze_90_days_Day4_Protons_rat3_12-41-32_DS.png,../data/../data/5_indirect_search/Video_Morris_Maze_90_days_Day4_Protons_rat3_12-41-32_DS.png,5_indirect_search,4
Video_Morris_Maze_90_days_Day2_Control_rat1_10-34-56_DS.png,../data/../data/5_indirect_search/Video_Morris_Maze_90_days_Day2_Control_rat1_10-34-56_DS.png,5_indirect_search,4
Video_Morris_Maze_Before_Irradiation_Day3_Control_rat6_12-34-43_DS.png,../data/../data/5_indirect_search/Video_Morris_Maze_Before_Irradiation_Day3_Control_rat6_12-34-43_DS.png,5_indirect_search,4
Video_Morris_Maze_30_days_Day2_Control_rat7_11-15-52_DS.png,../data/../data/5_indirect_search/Video_Morris_Maze_30_days_Day2_Control_rat7_11-15-52_DS.png,5_indirect_search,4
Video_Morris_Maze_Before_Irradiation_Day1_Protones_group3__rat2_15-52-41_DS.png,../data/../data/5_indirect_search/Video_Morris_Maze_Before_Irradiation_Day1_Protones_group3__rat2_15-52-41_DS.png,5_indirect_search,4
Video_Morris_Maze_Before_Irradiation_Day1_Control_morris_test_rat6_13-35-44_DS.png,../data/../data/5_indirect_search/Video_Morris_Maze_Before_Irradiation_Day1_Control_morris_test_rat6_13-35-44_DS.png,5_indirect_search,4
Video_Morris_Maze_30_days_Day1_Protons_rat1_12-24-46_DS.png,../data/../data/5_indirect_search/Video_Morris_Maze_30_days_Day1_Protons_rat1_12-24-46_DS.png,5_indirect_search,4
Video_Morris_Maze_30_days_Day3_Protons_rat2_11-44-05_DS.png,../data/../data/5_indirect_search/Video_Morris_Maze_30_days_Day3_Protons_rat2_11-44-05_DS.png,5_indirect_search,4
Video_Morris_Maze_90_days_Day2_Protons_rat1_11-18-14_DS.png,../data/../data/5_indirect_search/Video_Morris_Maze_90_days_Day2_Protons_rat1_11-18-14_DS.png,5_indirect_search,4
Video_Morris_Maze_30_days_Day4_Control_rat2_12-05-39_DS.png,../data/../data/5_indirect_search/Video_Morris_Maze_30_days_Day4_Control_rat2_12-05-39_DS.png,5_indirect_search,4
Video_Morris_Maze_30_days_Day3_Control_rat3_11-10-57_DS.png,../data/../data/5_indirect_search/Video_Morris_Maze_30_days_Day3_Control_rat3_11-10-57_DS.png,5_indirect_search,4
Video_Morris_Maze_90_days_Day4_Control_rat2_11-44-48_DS.png,../data/../data/5_indirect_search/Video_Morris_Maze_90_days_Day4_Control_rat2_11-44-48_DS.png,5_indirect_search,4
Video_Morris_Maze_90_days_Day1_Control_rat4_11-20-22_DS.png,../data/../data/5_indirect_search/Video_Morris_Maze_90_days_Day1_Control_rat4_11-20-22_DS.png,5_indirect_search,4
Video_Morris_Maze_30_days_Day3_Control_rat1_11-06-30_DS.png,../data/../data/5_indirect_search/Video_Morris_Maze_30_days_Day3_Control_rat1_11-06-30_DS.png,5_indirect_search,4
Video_Morris_Maze_30_days_Day4_Control_rat6_12-17-12_DS.png,../data/../data/5_indirect_search/Video_Morris_Maze_30_days_Day4_Control_rat6_12-17-12_DS.png,5_indirect_search,4
Video_Morris_Maze_30_days_Day2_Control_rat4_11-07-00_DS.png,../data/../data/5_indirect_search/Video_Morris_Maze_30_days_Day2_Control_rat4_11-07-00_DS.png,5_indirect_search,4
Video_Morris_Maze_30_days_Day1_Protons_rat2_12-26-18_DS.png,../data/../data/5_indirect_search/Video_Morris_Maze_30_days_Day1_Protons_rat2_12-26-18_DS.png,5_indirect_search,4
Video_Morris_Maze_30_days_Day4_Protons_rat2_12-41-11_DS.png,../data/../data/5_indirect_search/Video_Morris_Maze_30_days_Day4_Protons_rat2_12-41-11_DS.png,5_indirect_search,4
Video_Morris_Maze_Before_Irradiation_Day3_Control_rat7_12-37-38_DS.png,../data/../data/5_indirect_search/Video_Morris_Maze_Before_Irradiation_Day3_Control_rat7_12-37-38_DS.png,5_indirect_search,4
Video_Morris_Maze_30_days_Day1_Protons_rat3_12-28-53_DS.png,../data/../data/5_indirect_search/Video_Morris_Maze_30_days_Day1_Protons_rat3_12-28-53_DS.png,5_indirect_search,4
Video_Morris_Maze_Before_Irradiation_Day3_Control_rat6_12-33-59_DS.png,../data/../data/5_indirect_search/Video_Morris_Maze_Before_Irradiation_Day3_Control_rat6_12-33-59_DS.png,5_indirect_search,4
Video_Morris_Maze_90_days_Day1_Control_rat4_11-18-35_DS.png,../data/../data/5_indirect_search/Video_Morris_Maze_90_days_Day1_Control_rat4_11-18-35_DS.png,5_indirect_search,4
Video_Morris_Maze_90_days_Day2_Control_rat2_10-38-34_DS.png,../data/../data/5_indirect_search/Video_Morris_Maze_90_days_Day2_Control_rat2_10-38-34_DS.png,5_indirect_search,4
Video_Morris_Maze_90_days_Day4_Control_rat1_11-41-40_DS.png,../data/../data/5_indirect_search/Video_Morris_Maze_90_days_Day4_Control_rat1_11-41-40_DS.png,5_indirect_search,4
Video_Morris_Maze_90_days_Day4_Protons_rat1_12-36-33_DS.png,../data/../data/5_indirect_search/Video_Morris_Maze_90_days_Day4_Protons_rat1_12-36-33_DS.png,5_indirect_search,4
Video_Morris_Maze_Before_Irradiation_Day3_Protons_rat2_13-17-51_DS.png,../data/../data/5_indirect_search/Video_Morris_Maze_Before_Irradiation_Day3_Protons_rat2_13-17-51_DS.png,5_indirect_search,4
Video_Morris_Maze_30_days_Day4_Control_rat7_12-19-28_DS.png,../data/../data/5_indirect_search/Video_Morris_Maze_30_days_Day4_Control_rat7_12-19-28_DS.png,5_indirect_search,4
Video_Morris_Maze_90_days_Day1_Control_rat5_11-21-48_DS.png,../data/../data/5_indirect_search/Video_Morris_Maze_90_days_Day1_Control_rat5_11-21-48_DS.png,5_indirect_search,4
Video_Morris_Maze_30_days_Day1_Control_rat3_11-41-25_DS.png,../data/../data/5_indirect_search/Video_Morris_Maze_30_days_Day1_Control_rat3_11-41-25_DS.png,5_indirect_search,4
Video_Morris_Maze_30_days_Day2_Control_rat4_11-07-49_DS.png,../data/../data/5_indirect_search/Video_Morris_Maze_30_days_Day2_Control_rat4_11-07-49_DS.png,5_indirect_search,4
Video_Morris_Maze_90_days_Day4_Protons_rat3_12-39-10_DS.png,../data/../data/5_indirect_search/Video_Morris_Maze_90_days_Day4_Protons_rat3_12-39-10_DS.png,5_indirect_search,4
Video_Morris_Maze_30_days_Day4_Protons_rat4_12-48-33_DS.png,../data/../data/5_indirect_search/Video_Morris_Maze_30_days_Day4_Protons_rat4_12-48-33_DS.png,5_indirect_search,4
Video_Morris_Maze_30_days_Day2_Protons_rat4_11-51-16_DS.png,../data/../data/5_indirect_search/Video_Morris_Maze_30_days_Day2_Protons_rat4_11-51-16_DS.png,5_indirect_search,4
Video_Morris_Maze_90_days_Day4_Control_rat1_11-43-09_DS.png,../data/../data/5_indirect_search/Video_Morris_Maze_90_days_Day4_Control_rat1_11-43-09_DS.png,5_indirect_search,4
Video_Morris_Maze_90_days_Day2_Protons_rat2_11-23-23_DS.png,../data/../data/5_indirect_search/Video_Morris_Maze_90_days_Day2_Protons_rat2_11-23-23_DS.png,5_indirect_search,4
Video_Morris_Maze_90_days_Day2_Control_rat5_10-48-12_DS.png,../data/../data/5_indirect_search/Video_Morris_Maze_90_days_Day2_Control_rat5_10-48-12_DS.png,5_indirect_search,4
Video_Morris_Maze_90_days_Day2_Protons_rat4_12-08-20_DS.png,../data/../data/5_indirect_search/Video_Morris_Maze_90_days_Day2_Protons_rat4_12-08-20_DS.png,5_indirect_search,4
Video_Morris_Maze_30_days_Day2_Control_rat7_11-16-58_DS.png,../data/../data/5_indirect_search/Video_Morris_Maze_30_days_Day2_Control_rat7_11-16-58_DS.png,5_indirect_search,4
Video_Morris_Maze_90_days_Day1_Protons_rat3_11-50-33_DS.png,../data/../data/5_indirect_search/Video_Morris_Maze_90_days_Day1_Protons_rat3_11-50-33_DS.png,5_indirect_search,4
Video_Morris_Maze_30_days_Day2_Protons_rat3_11-47-40_DS.png,../data/../data/5_indirect_search/Video_Morris_Maze_30_days_Day2_Protons_rat3_11-47-40_DS.png,5_indirect_search,4
Video_Morris_Maze_90_days_Day1_Control_rat4_11-19-31_DS.png,../data/../data/5_indirect_search/Video_Morris_Maze_90_days_Day1_Control_rat4_11-19-31_DS.png,5_indirect_search,4
Video_Morris_Maze_Before_Irradiation_Day3_Protons_rat5_13-30-42_DS.png,../data/../data/6_random_search/Video_Morris_Maze_Before_Irradiation_Day3_Protons_rat5_13-30-42_DS.png,6_random_search,5
Video_Morris_Maze_Before_Irradiation_Day1_Control_morris_test_13-06-05_DS.png,../data/../data/6_random_search/Video_Morris_Maze_Before_Irradiation_Day1_Control_morris_test_13-06-05_DS.png,6_random_search,5
Video_Morris_Maze_Before_Irradiation_Day3_Protons_rat3_13-22-38_DS.png,../data/../data/6_random_search/Video_Morris_Maze_Before_Irradiation_Day3_Protons_rat3_13-22-38_DS.png,6_random_search,5
Video_Morris_Maze_Before_Irradiation_Day3_Control_rat1_12-13-43_DS.png,../data/../data/6_random_search/Video_Morris_Maze_Before_Irradiation_Day3_Control_rat1_12-13-43_DS.png,6_random_search,5
Video_Morris_Maze_Before_Irradiation_Day3_Control_rat5_12-30-16_DS.png,../data/../data/6_random_search/Video_Morris_Maze_Before_Irradiation_Day3_Control_rat5_12-30-16_DS.png,6_random_search,5
Video_Morris_Maze_Before_Irradiation_Day3_Control_rat1_12-10-18_DS.png,../data/../data/6_random_search/Video_Morris_Maze_Before_Irradiation_Day3_Control_rat1_12-10-18_DS.png,6_random_search,5
Video_Morris_Maze_Before_Irradiation_Day4_Control_rat2_13-06-08_DS.png,../data/../data/6_random_search/Video_Morris_Maze_Before_Irradiation_Day4_Control_rat2_13-06-08_DS.png,6_random_search,5
Video_Morris_Maze_Before_Irradiation_Day3_Protons_rat1_13-15-39_DS.png,../data/../data/6_random_search/Video_Morris_Maze_Before_Irradiation_Day3_Protons_rat1_13-15-39_DS.png,6_random_search,5
Video_Morris_Maze_30_days_Day1_Protons_rat6_12-41-45_DS.png,../data/../data/6_random_search/Video_Morris_Maze_30_days_Day1_Protons_rat6_12-41-45_DS.png,6_random_search,5
Video_Morris_Maze_Before_Irradiation_Day3_Control_rat1_12-12-17_DS.png,../data/../data/6_random_search/Video_Morris_Maze_Before_Irradiation_Day3_Control_rat1_12-12-17_DS.png,6_random_search,5
Video_Morris_Maze_Before_Irradiation_Day2_Control_rat5_10-59-05_DS.png,../data/../data/6_random_search/Video_Morris_Maze_Before_Irradiation_Day2_Control_rat5_10-59-05_DS.png,6_random_search,5
Video_Morris_Maze_Before_Irradiation_Day3_Control_rat2_12-14-45_DS.png,../data/../data/6_random_search/Video_Morris_Maze_Before_Irradiation_Day3_Control_rat2_12-14-45_DS.png,6_random_search,5
Video_Morris_Maze_Before_Irradiation_Day4_Protons_rat7_14-12-22_DS.png,../data/../data/6_random_search/Video_Morris_Maze_Before_Irradiation_Day4_Protons_rat7_14-12-22_DS.png,6_random_search,5
Video_Morris_Maze_Before_Irradiation_Day2_Control_rat6_11-07-34_DS.png,../data/../data/6_random_search/Video_Morris_Maze_Before_Irradiation_Day2_Control_rat6_11-07-34_DS.png,6_random_search,5
Video_Morris_Maze_Before_Irradiation_Day2_Control_rat6_11-05-55_DS.png,../data/../data/6_random_search/Video_Morris_Maze_Before_Irradiation_Day2_Control_rat6_11-05-55_DS.png,6_random_search,5
Video_Morris_Maze_Before_Irradiation_Day2_Control_rat1_10-37-32_DS.png,../data/../data/6_random_search/Video_Morris_Maze_Before_Irradiation_Day2_Control_rat1_10-37-32_DS.png,6_random_search,5
Video_Morris_Maze_Before_Irradiation_Day1_Protones_group3__rat5_16-08-48_DS.png,../data/../data/6_random_search/Video_Morris_Maze_Before_Irradiation_Day1_Protones_group3__rat5_16-08-48_DS.png,6_random_search,5
Video_Morris_Maze_Before_Irradiation_Day2_Control_rat4_10-51-34_DS.png,../data/../data/6_random_search/Video_Morris_Maze_Before_Irradiation_Day2_Control_rat4_10-51-34_DS.png,6_random_search,5
Video_Morris_Maze_Before_Irradiation_Day1_Protones_group3__rat7_16-15-28_DS.png,../data/../data/6_random_search/Video_Morris_Maze_Before_Irradiation_Day1_Protones_group3__rat7_16-15-28_DS.png,6_random_search,5
Video_Morris_Maze_Before_Irradiation_Day4_Control_rat3_13-07-05_DS.png,../data/../data/6_random_search/Video_Morris_Maze_Before_Irradiation_Day4_Control_rat3_13-07-05_DS.png,6_random_search,5
Video_Morris_Maze_Before_Irradiation_Day4_Protons_rat4_14-03-50_DS.png,../data/../data/6_random_search/Video_Morris_Maze_Before_Irradiation_Day4_Protons_rat4_14-03-50_DS.png,6_random_search,5
Video_Morris_Maze_Before_Irradiation_Day1_Protones_group3__rat2_15-50-46_DS.png,../data/../data/6_random_search/Video_Morris_Maze_Before_Irradiation_Day1_Protones_group3__rat2_15-50-46_DS.png,6_random_search,5
Video_Morris_Maze_90_days_Day1_Protons_rat5_11-57-43_DS.png,../data/../data/6_random_search/Video_Morris_Maze_90_days_Day1_Protons_rat5_11-57-43_DS.png,6_random_search,5
Video_Morris_Maze_Before_Irradiation_Day2_Control_rat3_10-48-24_DS.png,../data/../data/6_random_search/Video_Morris_Maze_Before_Irradiation_Day2_Control_rat3_10-48-24_DS.png,6_random_search,5
Video_Morris_Maze_Before_Irradiation_Day3_Control_rat4_12-24-36_DS.png,../data/../data/6_random_search/Video_Morris_Maze_Before_Irradiation_Day3_Control_rat4_12-24-36_DS.png,6_random_search,5
Video_Morris_Maze_Before_Irradiation_Day3_Control_rat6_12-31-59_DS.png,../data/../data/6_random_search/Video_Morris_Maze_Before_Irradiation_Day3_Control_rat6_12-31-59_DS.png,6_random_search,5
Video_Morris_Maze_Before_Irradiation_Day4_Control_rat1_12-58-51_DS.png,../data/../data/6_random_search/Video_Morris_Maze_Before_Irradiation_Day4_Control_rat1_12-58-51_DS.png,6_random_search,5
Video_Morris_Maze_Before_Irradiation_Day3_Control_rat5_12-25-53_DS.png,../data/../data/6_random_search/Video_Morris_Maze_Before_Irradiation_Day3_Control_rat5_12-25-53_DS.png,6_random_search,5
Video_Morris_Maze_30_days_Day2_Protons_rat5_11-55-21_DS.png,../data/../data/6_random_search/Video_Morris_Maze_30_days_Day2_Protons_rat5_11-55-21_DS.png,6_random_search,5
Video_Morris_Maze_Before_Irradiation_Day3_Control_rat2_12-15-55_DS.png,../data/../data/6_random_search/Video_Morris_Maze_Before_Irradiation_Day3_Control_rat2_12-15-55_DS.png,6_random_search,5
Video_Morris_Maze_Before_Irradiation_Day3_Protons_rat7_13-36-00_DS.png,../data/../data/6_random_search/Video_Morris_Maze_Before_Irradiation_Day3_Protons_rat7_13-36-00_DS.png,6_random_search,5
Video_Morris_Maze_Before_Irradiation_Day1_Protones_group3__rat3_15-56-00_DS.png,../data/../data/6_random_search/Video_Morris_Maze_Before_Irradiation_Day1_Protones_group3__rat3_15-56-00_DS.png,6_random_search,5
Video_Morris_Maze_Before_Irradiation_Day2_Control_rat2_10-40-45_DS.png,../data/../data/6_random_search/Video_Morris_Maze_Before_Irradiation_Day2_Control_rat2_10-40-45_DS.png,6_random_search,5
Video_Morris_Maze_30_days_Day1_Control_rat7_11-52-19_DS.png,../data/../data/6_random_search/Video_Morris_Maze_30_days_Day1_Control_rat7_11-52-19_DS.png,6_random_search,5
Video_Morris_Maze_Before_Irradiation_Day1_Control_morris_test_rat2_13-10-22_DS.png,../data/../data/6_random_search/Video_Morris_Maze_Before_Irradiation_Day1_Control_morris_test_rat2_13-10-22_DS.png,6_random_search,5
Video_Morris_Maze_Before_Irradiation_Day3_Control_rat3_12-20-49_DS.png,../data/../data/6_random_search/Video_Morris_Maze_Before_Irradiation_Day3_Control_rat3_12-20-49_DS.png,6_random_search,5
Video_Morris_Maze_90_days_Day2_Protons_rat5_12-09-43_DS.png,../data/../data/6_random_search/Video_Morris_Maze_90_days_Day2_Protons_rat5_12-09-43_DS.png,6_random_search,5
Video_Morris_Maze_Before_Irradiation_Day4_Control_rat4_13-11-34_DS.png,../data/../data/6_random_search/Video_Morris_Maze_Before_Irradiation_Day4_Control_rat4_13-11-34_DS.png,6_random_search,5
Video_Morris_Maze_Before_Irradiation_Day4_Protons_rat5_14-05-21_DS.png,../data/../data/6_random_search/Video_Morris_Maze_Before_Irradiation_Day4_Protons_rat5_14-05-21_DS.png,6_random_search,5
Video_Morris_Maze_Before_Irradiation_Day3_Protons_rat4_13-26-47_DS.png,../data/../data/6_random_search/Video_Morris_Maze_Before_Irradiation_Day3_Protons_rat4_13-26-47_DS.png,6_random_search,5
Video_Morris_Maze_Before_Irradiation_Day1_Protones_group3__rat7_16-17-21_DS.png,../data/../data/6_random_search/Video_Morris_Maze_Before_Irradiation_Day1_Protones_group3__rat7_16-17-21_DS.png,6_random_search,5
Video_Morris_Maze_Before_Irradiation_Day4_Control_rat2_13-05-03_DS.png,../data/../data/6_random_search/Video_Morris_Maze_Before_Irradiation_Day4_Control_rat2_13-05-03_DS.png,6_random_search,5
Video_Morris_Maze_30_days_Day3_Protons_rat1_11-41-46_DS.png,../data/../data/6_random_search/Video_Morris_Maze_30_days_Day3_Protons_rat1_11-41-46_DS.png,6_random_search,5
Video_Morris_Maze_Before_Irradiation_Day1_Control_morris_test_rat7_13-41-54_DS.png,../data/../data/6_random_search/Video_Morris_Maze_Before_Irradiation_Day1_Control_morris_test_rat7_13-41-54_DS.png,6_random_search,5
Video_Morris_Maze_Before_Irradiation_Day2_Control_rat2_10-44-24_DS.png,../data/../data/6_random_search/Video_Morris_Maze_Before_Irradiation_Day2_Control_rat2_10-44-24_DS.png,6_random_search,5
Video_Morris_Maze_30_days_Day1_Protons_rat7_12-45-58_DS.png,../data/../data/6_random_search/Video_Morris_Maze_30_days_Day1_Protons_rat7_12-45-58_DS.png,6_random_search,5
Video_Morris_Maze_Before_Irradiation_Day3_Control_rat7_12-38-31_DS.png,../data/../data/6_random_search/Video_Morris_Maze_Before_Irradiation_Day3_Control_rat7_12-38-31_DS.png,6_random_search,5
Video_Morris_Maze_Before_Irradiation_Day1_Control_morris_test_rat3_13-17-17_DS.png,../data/../data/6_random_search/Video_Morris_Maze_Before_Irradiation_Day1_Control_morris_test_rat3_13-17-17_DS.png,6_random_search,5
Video_Morris_Maze_Before_Irradiation_Day2_Control_rat4_10-53-49_DS.png,../data/../data/6_random_search/Video_Morris_Maze_Before_Irradiation_Day2_Control_rat4_10-53-49_DS.png,6_random_search,5
Video_Morris_Maze_Before_Irradiation_Day1_Control_morris_test_rat6_13-33-41_DS.png,../data/../data/6_random_search/Video_Morris_Maze_Before_Irradiation_Day1_Control_morris_test_rat6_13-33-41_DS.png,6_random_search,5
Video_Morris_Maze_Before_Irradiation_Day4_Control_rat1_13-01-04_DS.png,../data/../data/6_random_search/Video_Morris_Maze_Before_Irradiation_Day4_Control_rat1_13-01-04_DS.png,6_random_search,5
Video_Morris_Maze_30_days_Day2_Control_rat4_11-05-07_DS.png,../data/../data/6_random_search/Video_Morris_Maze_30_days_Day2_Control_rat4_11-05-07_DS.png,6_random_search,5
Video_Morris_Maze_Before_Irradiation_Day4_Control_rat2_13-02-54_DS.png,../data/../data/6_random_search/Video_Morris_Maze_Before_Irradiation_Day4_Control_rat2_13-02-54_DS.png,6_random_search,5
Video_Morris_Maze_Before_Irradiation_Day3_Protons_rat1_13-13-44_DS.png,../data/../data/6_random_search/Video_Morris_Maze_Before_Irradiation_Day3_Protons_rat1_13-13-44_DS.png,6_random_search,5
Video_Morris_Maze_Before_Irradiation_Day2_Control_rat7_11-09-56_DS.png,../data/../data/6_random_search/Video_Morris_Maze_Before_Irradiation_Day2_Control_rat7_11-09-56_DS.png,6_random_search,5
Video_Morris_Maze_Before_Irradiation_Day1_Control_morris_test_rat3_13-19-52_DS.png,../data/../data/6_random_search/Video_Morris_Maze_Before_Irradiation_Day1_Control_morris_test_rat3_13-19-52_DS.png,6_random_search,5
Video_Morris_Maze_Before_Irradiation_Day3_Control_rat3_12-19-46_DS.png,../data/../data/6_random_search/Video_Morris_Maze_Before_Irradiation_Day3_Control_rat3_12-19-46_DS.png,6_random_search,5
Video_Morris_Maze_Before_Irradiation_Day3_Protons_rat7_13-37-01_DS.png,../data/../data/6_random_search/Video_Morris_Maze_Before_Irradiation_Day3_Protons_rat7_13-37-01_DS.png,6_random_search,5
Video_Morris_Maze_Before_Irradiation_Day3_Protons_rat4_13-25-33_DS.png,../data/../data/6_random_search/Video_Morris_Maze_Before_Irradiation_Day3_Protons_rat4_13-25-33_DS.png,6_random_search,5
Video_Morris_Maze_90_days_Day2_Control_rat3_10-40-14_DS.png,../data/../data/6_random_search/Video_Morris_Maze_90_days_Day2_Control_rat3_10-40-14_DS.png,6_random_search,5
Video_Morris_Maze_Before_Irradiation_Day1_Protones_group3__rat4_16-04-06_DS.png,../data/../data/6_random_search/Video_Morris_Maze_Before_Irradiation_Day1_Protones_group3__rat4_16-04-06_DS.png,6_random_search,5
Video_Morris_Maze_Before_Irradiation_Day1_Control_morris_test_rat5_13-31-13_DS.png,../data/../data/6_random_search/Video_Morris_Maze_Before_Irradiation_Day1_Control_morris_test_rat5_13-31-13_DS.png,6_random_search,5
Video_Morris_Maze_Before_Irradiation_Day2_Control_rat5_11-01-54_DS.png,../data/../data/6_random_search/Video_Morris_Maze_Before_Irradiation_Day2_Control_rat5_11-01-54_DS.png,6_random_search,5
Video_Morris_Maze_30_days_Day1_Protons_rat6_12-39-28_DS.png,../data/../data/6_random_search/Video_Morris_Maze_30_days_Day1_Protons_rat6_12-39-28_DS.png,6_random_search,5
Video_Morris_Maze_Before_Irradiation_Day1_Protones_group3__rat1_15-44-44_DS.png,../data/../data/6_random_search/Video_Morris_Maze_Before_Irradiation_Day1_Protones_group3__rat1_15-44-44_DS.png,6_random_search,5
Video_Morris_Maze_Before_Irradiation_Day1_Control_morris_test_rat7_13-40-03_DS.png,../data/../data/6_random_search/Video_Morris_Maze_Before_Irradiation_Day1_Control_morris_test_rat7_13-40-03_DS.png,6_random_search,5
Video_Morris_Maze_30_days_Day1_Protons_rat4_12-34-46_DS.png,../data/../data/6_random_search/Video_Morris_Maze_30_days_Day1_Protons_rat4_12-34-46_DS.png,6_random_search,5
Video_Morris_Maze_Before_Irradiation_Day3_Control_rat4_12-22-50_DS.png,../data/../data/6_random_search/Video_Morris_Maze_Before_Irradiation_Day3_Control_rat4_12-22-50_DS.png,6_random_search,5
Video_Morris_Maze_Before_Irradiation_Day1_Protones_group3__rat5_16-07-06_DS.png,../data/../data/6_random_search/Video_Morris_Maze_Before_Irradiation_Day1_Protones_group3__rat5_16-07-06_DS.png,6_random_search,5
Video_Morris_Maze_30_days_Day4_Control_rat7_12-20-31_DS.png,../data/../data/6_random_search/Video_Morris_Maze_30_days_Day4_Control_rat7_12-20-31_DS.png,6_random_search,5
Video_Morris_Maze_Before_Irradiation_Day1_Protones_group3__rat3_15-58-13_DS.png,../data/../data/6_random_search/Video_Morris_Maze_Before_Irradiation_Day1_Protones_group3__rat3_15-58-13_DS.png,6_random_search,5
Video_Morris_Maze_30_days_Day1_Control_rat3_11-37-53_DS.png,../data/../data/6_random_search/Video_Morris_Maze_30_days_Day1_Control_rat3_11-37-53_DS.png,6_random_search,5
Video_Morris_Maze_Before_Irradiation_Day4_Protons_rat6_14-07-24_DS.png,../data/../data/6_random_search/Video_Morris_Maze_Before_Irradiation_Day4_Protons_rat6_14-07-24_DS.png,6_random_search,5
Video_Morris_Maze_90_days_Day4_Protons_rat3_12-40-01_DS.png,../data/../data/6_random_search/Video_Morris_Maze_90_days_Day4_Protons_rat3_12-40-01_DS.png,6_random_search,5
Video_Morris_Maze_Before_Irradiation_Day1_Control_morris_test_rat3_13-15-00_DS.png,../data/../data/6_random_search/Video_Morris_Maze_Before_Irradiation_Day1_Control_morris_test_rat3_13-15-00_DS.png,6_random_search,5
Video_Morris_Maze_Before_Irradiation_Day4_Control_rat6_13-21-58_DS.png,../data/../data/6_random_search/Video_Morris_Maze_Before_Irradiation_Day4_Control_rat6_13-21-58_DS.png,6_random_search,5
Video_Morris_Maze_Before_Irradiation_Day1_Control_morris_test_13-03-40_DS.png,../data/../data/6_random_search/Video_Morris_Maze_Before_Irradiation_Day1_Control_morris_test_13-03-40_DS.png,6_random_search,5
Video_Morris_Maze_Before_Irradiation_Day3_Control_rat5_12-28-00_DS.png,../data/../data/6_random_search/Video_Morris_Maze_Before_Irradiation_Day3_Control_rat5_12-28-00_DS.png,6_random_search,5
Video_Morris_Maze_Before_Irradiation_Day3_Protons_rat5_13-28-35_DS.png,../data/../data/6_random_search/Video_Morris_Maze_Before_Irradiation_Day3_Protons_rat5_13-28-35_DS.png,6_random_search,5
Video_Morris_Maze_Before_Irradiation_Day4_Protons_rat1_13-53-54_DS.png,../data/../data/6_random_search/Video_Morris_Maze_Before_Irradiation_Day4_Protons_rat1_13-53-54_DS.png,6_random_search,5
Video_Morris_Maze_Before_Irradiation_Day3_Protons_rat4_13-23-52_DS.png,../data/../data/6_random_search/Video_Morris_Maze_Before_Irradiation_Day3_Protons_rat4_13-23-52_DS.png,6_random_search,5
Video_Morris_Maze_Before_Irradiation_Day1_Control_morris_test_rat4_13-24-06_DS.png,../data/../data/6_random_search/Video_Morris_Maze_Before_Irradiation_Day1_Control_morris_test_rat4_13-24-06_DS.png,6_random_search,5
Video_Morris_Maze_90_days_Day2_Control_rat2_10-35-35_DS.png,../data/../data/6_random_search/Video_Morris_Maze_90_days_Day2_Control_rat2_10-35-35_DS.png,6_random_search,5
Video_Morris_Maze_30_days_Day1_Control_rat6_11-49-02_DS.png,../data/../data/6_random_search/Video_Morris_Maze_30_days_Day1_Control_rat6_11-49-02_DS.png,6_random_search,5
Video_Morris_Maze_90_days_Day1_Protons_rat3_11-52-36_DS.png,../data/../data/6_random_search/Video_Morris_Maze_90_days_Day1_Protons_rat3_11-52-36_DS.png,6_random_search,5
Video_Morris_Maze_30_days_Day4_Protons_rat2_12-41-50_DS.png,../data/../data/6_random_search/Video_Morris_Maze_30_days_Day4_Protons_rat2_12-41-50_DS.png,6_random_search,5
Video_Morris_Maze_Before_Irradiation_Day3_Protons_rat3_13-21-22_DS.png,../data/../data/6_random_search/Video_Morris_Maze_Before_Irradiation_Day3_Protons_rat3_13-21-22_DS.png,6_random_search,5
Video_Morris_Maze_Before_Irradiation_Day2_Control_rat3_10-45-37_DS.png,../data/../data/6_random_search/Video_Morris_Maze_Before_Irradiation_Day2_Control_rat3_10-45-37_DS.png,6_random_search,5
Video_Morris_Maze_Before_Irradiation_Day1_Control_morris_test_13-01-10_DS.png,../data/../data/6_random_search/Video_Morris_Maze_Before_Irradiation_Day1_Control_morris_test_13-01-10_DS.png,6_random_search,5
Video_Morris_Maze_Before_Irradiation_Day4_Protons_rat5_14-04-29_DS.png,../data/../data/6_random_search/Video_Morris_Maze_Before_Irradiation_Day4_Protons_rat5_14-04-29_DS.png,6_random_search,5
Video_Morris_Maze_Before_Irradiation_Day3_Protons_rat5_13-32-03_DS.png,../data/../data/6_random_search/Video_Morris_Maze_Before_Irradiation_Day3_Protons_rat5_13-32-03_DS.png,6_random_search,5
Video_Morris_Maze_Before_Irradiation_Day3_Protons_rat7_13-38-34_DS.png,../data/../data/6_random_search/Video_Morris_Maze_Before_Irradiation_Day3_Protons_rat7_13-38-34_DS.png,6_random_search,5
Video_Morris_Maze_Before_Irradiation_Day1_Control_morris_test_rat5_13-32-55_DS.png,../data/../data/6_random_search/Video_Morris_Maze_Before_Irradiation_Day1_Control_morris_test_rat5_13-32-55_DS.png,6_random_search,5
Video_Morris_Maze_Before_Irradiation_Day3_Protons_rat3_13-19-21_DS.png,../data/../data/6_random_search/Video_Morris_Maze_Before_Irradiation_Day3_Protons_rat3_13-19-21_DS.png,6_random_search,5
Video_Morris_Maze_Before_Irradiation_Day4_Protons_rat4_14-02-32_DS.png,../data/../data/6_random_search/Video_Morris_Maze_Before_Irradiation_Day4_Protons_rat4_14-02-32_DS.png,6_random_search,5
Video_Morris_Maze_Before_Irradiation_Day1_Protones_group3__rat1_15-47-59_DS.png,../data/../data/6_random_search/Video_Morris_Maze_Before_Irradiation_Day1_Protones_group3__rat1_15-47-59_DS.png,6_random_search,5
Video_Morris_Maze_30_days_Day2_Protons_rat5_11-52-47_DS.png,../data/../data/6_random_search/Video_Morris_Maze_30_days_Day2_Protons_rat5_11-52-47_DS.png,6_random_search,5
Video_Morris_Maze_Before_Irradiation_Day4_Protons_rat6_14-09-32_DS.png,../data/../data/6_random_search/Video_Morris_Maze_Before_Irradiation_Day4_Protons_rat6_14-09-32_DS.png,6_random_search,5
Video_Morris_Maze_90_days_Day1_Control_rat6_11-23-04_DS.png,../data/../data/6_random_search/Video_Morris_Maze_90_days_Day1_Control_rat6_11-23-04_DS.png,6_random_search,5
Video_Morris_Maze_Before_Irradiation_Day3_Control_rat3_12-18-14_DS.png,../data/../data/6_random_search/Video_Morris_Maze_Before_Irradiation_Day3_Control_rat3_12-18-14_DS.png,6_random_search,5
Video_Morris_Maze_Before_Irradiation_Day4_Protons_rat4_14-01-13_DS.png,../data/../data/6_random_search/Video_Morris_Maze_Before_Irradiation_Day4_Protons_rat4_14-01-13_DS.png,6_random_search,5
Video_Morris_Maze_Before_Irradiation_Day4_Control_rat6_13-19-31_DS.png,../data/../data/6_random_search/Video_Morris_Maze_Before_Irradiation_Day4_Control_rat6_13-19-31_DS.png,6_random_search,5
Video_Morris_Maze_90_days_Day2_Protons_rat4_12-05-00_DS.png,../data/../data/6_random_search/Video_Morris_Maze_90_days_Day2_Protons_rat4_12-05-00_DS.png,6_random_search,5
Video_Morris_Maze_Before_Irradiation_Day1_Control_morris_test_rat7_13-37-47_DS.png,../data/../data/6_random_search/Video_Morris_Maze_Before_Irradiation_Day1_Control_morris_test_rat7_13-37-47_DS.png,6_random_search,5
Video_Morris_Maze_30_days_Day3_Protons_rat1_11-39-48_DS.png,../data/../data/6_random_search/Video_Morris_Maze_30_days_Day3_Protons_rat1_11-39-48_DS.png,6_random_search,5
Video_Morris_Maze_Before_Irradiation_Day3_Protons_rat1_13-12-02_DS.png,../data/../data/6_random_search/Video_Morris_Maze_Before_Irradiation_Day3_Protons_rat1_13-12-02_DS.png,6_random_search,5
Video_Morris_Maze_Before_Irradiation_Day4_Control_rat5_13-16-52_DS.png,../data/../data/6_random_search/Video_Morris_Maze_Before_Irradiation_Day4_Control_rat5_13-16-52_DS.png,6_random_search,5
Video_Morris_Maze_Before_Irradiation_Day2_Control_rat5_10-57-35_DS.png,../data/../data/6_random_search/Video_Morris_Maze_Before_Irradiation_Day2_Control_rat5_10-57-35_DS.png,6_random_search,5
Video_Morris_Maze_Before_Irradiation_Day2_Control_rat6_11-03-37_DS.png,../data/../data/6_random_search/Video_Morris_Maze_Before_Irradiation_Day2_Control_rat6_11-03-37_DS.png,6_random_search,5
Video_Morris_Maze_Before_Irradiation_Day3_Control_rat7_12-36-24_DS.png,../data/../data/6_random_search/Video_Morris_Maze_Before_Irradiation_Day3_Control_rat7_12-36-24_DS.png,6_random_search,5
Video_Morris_Maze_Before_Irradiation_Day4_Control_rat4_13-14-46_DS.png,../data/../data/6_random_search/Video_Morris_Maze_Before_Irradiation_Day4_Control_rat4_13-14-46_DS.png,6_random_search,5
Video_Morris_Maze_Before_Irradiation_Day4_Control_rat3_13-09-19_DS.png,../data/../data/6_random_search/Video_Morris_Maze_Before_Irradiation_Day4_Control_rat3_13-09-19_DS.png,6_random_search,5
Video_Morris_Maze_90_days_Day2_Control_rat3_10-42-01_DS.png,../data/../data/7_scanning/Video_Morris_Maze_90_days_Day2_Control_rat3_10-42-01_DS.png,7_scanning,6
Video_Morris_Maze_30_days_Day2_Control_rat7_11-15-01_DS.png,../data/../data/7_scanning/Video_Morris_Maze_30_days_Day2_Control_rat7_11-15-01_DS.png,7_scanning,6
Video_Morris_Maze_30_days_Day4_Control_rat2_12-06-28_DS.png,../data/../data/7_scanning/Video_Morris_Maze_30_days_Day4_Control_rat2_12-06-28_DS.png,7_scanning,6
Video_Morris_Maze_Before_Irradiation_Day4_Protons_rat2_13-56-08_DS.png,../data/../data/7_scanning/Video_Morris_Maze_Before_Irradiation_Day4_Protons_rat2_13-56-08_DS.png,7_scanning,6
Video_Morris_Maze_90_days_Day3_Protons_rat4_11-04-07_DS.png,../data/../data/7_scanning/Video_Morris_Maze_90_days_Day3_Protons_rat4_11-04-07_DS.png,7_scanning,6
Video_Morris_Maze_30_days_Day3_Control_rat4_11-11-47_DS.png,../data/../data/7_scanning/Video_Morris_Maze_30_days_Day3_Control_rat4_11-11-47_DS.png,7_scanning,6
Video_Morris_Maze_30_days_Day1_Control_rat2_11-35-06_DS.png,../data/../data/7_scanning/Video_Morris_Maze_30_days_Day1_Control_rat2_11-35-06_DS.png,7_scanning,6
Video_Morris_Maze_30_days_Day4_Protons_rat7_12-58-20_DS.png,../data/../data/7_scanning/Video_Morris_Maze_30_days_Day4_Protons_rat7_12-58-20_DS.png,7_scanning,6
Video_Morris_Maze_90_days_Day4_Protons_rat1_12-33-33_DS.png,../data/../data/7_scanning/Video_Morris_Maze_90_days_Day4_Protons_rat1_12-33-33_DS.png,7_scanning,6
Video_Morris_Maze_90_days_Day4_Protons_rat2_12-37-00_DS.png,../data/../data/7_scanning/Video_Morris_Maze_90_days_Day4_Protons_rat2_12-37-00_DS.png,7_scanning,6
Video_Morris_Maze_90_days_Day4_Control_rat2_11-43-38_DS.png,../data/../data/7_scanning/Video_Morris_Maze_90_days_Day4_Control_rat2_11-43-38_DS.png,7_scanning,6
Video_Morris_Maze_90_days_Day3_Protons_rat5_11-09-17_DS.png,../data/../data/7_scanning/Video_Morris_Maze_90_days_Day3_Protons_rat5_11-09-17_DS.png,7_scanning,6
Video_Morris_Maze_90_days_Day1_Control_rat1_11-09-40_DS.png,../data/../data/7_scanning/Video_Morris_Maze_90_days_Day1_Control_rat1_11-09-40_DS.png,7_scanning,6
Video_Morris_Maze_90_days_Day3_Control_rat1_10-16-07_DS.png,../data/../data/7_scanning/Video_Morris_Maze_90_days_Day3_Control_rat1_10-16-07_DS.png,7_scanning,6
Video_Morris_Maze_90_days_Day1_Protons_rat5_11-57-43_DS.png,../data/../data/7_scanning/Video_Morris_Maze_90_days_Day1_Protons_rat5_11-57-43_DS.png,7_scanning,6
Video_Morris_Maze_90_days_Day2_Protons_rat5_12-11-14_DS.png,../data/../data/7_scanning/Video_Morris_Maze_90_days_Day2_Protons_rat5_12-11-14_DS.png,7_scanning,6
Video_Morris_Maze_90_days_Day2_Protons_rat3_11-53-28_DS.png,../data/../data/7_scanning/Video_Morris_Maze_90_days_Day2_Protons_rat3_11-53-28_DS.png,7_scanning,6
Video_Morris_Maze_90_days_Day2_Protons_rat2_11-22-12_DS.png,../data/../data/7_scanning/Video_Morris_Maze_90_days_Day2_Protons_rat2_11-22-12_DS.png,7_scanning,6
Video_Morris_Maze_30_days_Day2_Control_rat6_11-14-26_DS.png,../data/../data/7_scanning/Video_Morris_Maze_30_days_Day2_Control_rat6_11-14-26_DS.png,7_scanning,6
Video_Morris_Maze_90_days_Day3_Control_rat2_10-17-41_DS.png,../data/../data/7_scanning/Video_Morris_Maze_90_days_Day3_Control_rat2_10-17-41_DS.png,7_scanning,6
Video_Morris_Maze_90_days_Day4_Protons_rat2_12-38-35_DS.png,../data/../data/7_scanning/Video_Morris_Maze_90_days_Day4_Protons_rat2_12-38-35_DS.png,7_scanning,6
Video_Morris_Maze_90_days_Day1_Control_rat2_11-11-29_DS.png,../data/../data/7_scanning/Video_Morris_Maze_90_days_Day1_Control_rat2_11-11-29_DS.png,7_scanning,6
Video_Morris_Maze_30_days_Day3_Protons_rat5_11-51-12_DS.png,../data/../data/7_scanning/Video_Morris_Maze_30_days_Day3_Protons_rat5_11-51-12_DS.png,7_scanning,6
Video_Morris_Maze_30_days_Day2_Protons_rat4_11-50-12_DS.png,../data/../data/7_scanning/Video_Morris_Maze_30_days_Day2_Protons_rat4_11-50-12_DS.png,7_scanning,6
Video_Morris_Maze_90_days_Day3_Control_rat6_10-31-36_DS.png,../data/../data/7_scanning/Video_Morris_Maze_90_days_Day3_Control_rat6_10-31-36_DS.png,7_scanning,6
Video_Morris_Maze_90_days_Day1_Protons_rat4_11-55-00_DS.png,../data/../data/7_scanning/Video_Morris_Maze_90_days_Day1_Protons_rat4_11-55-00_DS.png,7_scanning,6
Video_Morris_Maze_90_days_Day4_Control_rat5_11-50-30_DS.png,../data/../data/7_scanning/Video_Morris_Maze_90_days_Day4_Control_rat5_11-50-30_DS.png,7_scanning,6
Video_Morris_Maze_90_days_Day1_Protons_rat4_11-55-56_DS.png,../data/../data/7_scanning/Video_Morris_Maze_90_days_Day1_Protons_rat4_11-55-56_DS.png,7_scanning,6
Video_Morris_Maze_90_days_Day4_Control_rat6_11-55-03_DS.png,../data/../data/7_scanning/Video_Morris_Maze_90_days_Day4_Control_rat6_11-55-03_DS.png,7_scanning,6
Video_Morris_Maze_90_days_Day1_Protons_rat5_12-00-50_DS.png,../data/../data/7_scanning/Video_Morris_Maze_90_days_Day1_Protons_rat5_12-00-50_DS.png,7_scanning,6
Video_Morris_Maze_30_days_Day1_Protons_rat7_12-44-50_DS.png,../data/../data/7_scanning/Video_Morris_Maze_30_days_Day1_Protons_rat7_12-44-50_DS.png,7_scanning,6
Video_Morris_Maze_Before_Irradiation_Day2_Control_rat7_11-12-55_DS.png,../data/../data/7_scanning/Video_Morris_Maze_Before_Irradiation_Day2_Control_rat7_11-12-55_DS.png,7_scanning,6
Video_Morris_Maze_90_days_Day3_Protons_rat4_11-06-54_DS.png,../data/../data/7_scanning/Video_Morris_Maze_90_days_Day3_Protons_rat4_11-06-54_DS.png,7_scanning,6
Video_Morris_Maze_Before_Irradiation_Day3_Protons_rat2_13-16-52_DS.png,../data/../data/7_scanning/Video_Morris_Maze_Before_Irradiation_Day3_Protons_rat2_13-16-52_DS.png,7_scanning,6
Video_Morris_Maze_Before_Irradiation_Day4_Protons_rat1_13-55-27_DS.png,../data/../data/7_scanning/Video_Morris_Maze_Before_Irradiation_Day4_Protons_rat1_13-55-27_DS.png,7_scanning,6
Video_Morris_Maze_90_days_Day3_Protons_rat1_10-54-01_DS.png,../data/../data/7_scanning/Video_Morris_Maze_90_days_Day3_Protons_rat1_10-54-01_DS.png,7_scanning,6
Video_Morris_Maze_Before_Irradiation_Day4_Protons_rat2_13-58-06_DS.png,../data/../data/7_scanning/Video_Morris_Maze_Before_Irradiation_Day4_Protons_rat2_13-58-06_DS.png,7_scanning,6
Video_Morris_Maze_Before_Irradiation_Day4_Protons_rat3_13-58-49_DS.png,../data/../data/7_scanning/Video_Morris_Maze_Before_Irradiation_Day4_Protons_rat3_13-58-49_DS.png,7_scanning,6
Video_Morris_Maze_30_days_Day3_Control_rat1_11-04-46_DS.png,../data/../data/7_scanning/Video_Morris_Maze_30_days_Day3_Control_rat1_11-04-46_DS.png,7_scanning,6
Video_Morris_Maze_30_days_Day4_Control_rat5_12-15-17_DS.png,../data/../data/7_scanning/Video_Morris_Maze_30_days_Day4_Control_rat5_12-15-17_DS.png,7_scanning,6
Video_Morris_Maze_30_days_Day1_Control_rat4_11-42-38_DS.png,../data/../data/7_scanning/Video_Morris_Maze_30_days_Day1_Control_rat4_11-42-38_DS.png,7_scanning,6
Video_Morris_Maze_90_days_Day4_Protons_rat4_12-43-27_DS.png,../data/../data/7_scanning/Video_Morris_Maze_90_days_Day4_Protons_rat4_12-43-27_DS.png,7_scanning,6
Video_Morris_Maze_Before_Irradiation_Day2_Control_rat3_10-50-15_DS.png,../data/../data/7_scanning/Video_Morris_Maze_Before_Irradiation_Day2_Control_rat3_10-50-15_DS.png,7_scanning,6
Video_Morris_Maze_90_days_Day1_Protons_rat1_11-47-44_DS.png,../data/../data/7_scanning/Video_Morris_Maze_90_days_Day1_Protons_rat1_11-47-44_DS.png,7_scanning,6
Video_Morris_Maze_30_days_Day1_Control_rat6_11-51-29_DS.png,../data/../data/7_scanning/Video_Morris_Maze_30_days_Day1_Control_rat6_11-51-29_DS.png,7_scanning,6
Video_Morris_Maze_Before_Irradiation_Day4_Control_rat5_13-18-54_DS.png,../data/../data/7_scanning/Video_Morris_Maze_Before_Irradiation_Day4_Control_rat5_13-18-54_DS.png,7_scanning,6
Video_Morris_Maze_90_days_Day2_Protons_rat4_12-06-49_DS.png,../data/../data/7_scanning/Video_Morris_Maze_90_days_Day2_Protons_rat4_12-06-49_DS.png,7_scanning,6
Video_Morris_Maze_30_days_Day2_Control_rat3_11-00-50_DS.png,../data/../data/7_scanning/Video_Morris_Maze_30_days_Day2_Control_rat3_11-00-50_DS.png,7_scanning,6
Video_Morris_Maze_30_days_Day2_Protons_rat4_11-52-03_DS.png,../data/../data/7_scanning/Video_Morris_Maze_30_days_Day2_Protons_rat4_11-52-03_DS.png,7_scanning,6
Video_Morris_Maze_30_days_Day4_Protons_rat5_12-50-35_DS.png,../data/../data/7_scanning/Video_Morris_Maze_30_days_Day4_Protons_rat5_12-50-35_DS.png,7_scanning,6
Video_Morris_Maze_90_days_Day4_Protons_rat4_12-42-21_DS.png,../data/../data/7_scanning/Video_Morris_Maze_90_days_Day4_Protons_rat4_12-42-21_DS.png,7_scanning,6
Video_Morris_Maze_30_days_Day1_Control_rat4_11-44-46_DS.png,../data/../data/7_scanning/Video_Morris_Maze_30_days_Day1_Control_rat4_11-44-46_DS.png,7_scanning,6
Video_Morris_Maze_90_days_Day1_Control_rat5_11-20-44_DS.png,../data/../data/7_scanning/Video_Morris_Maze_90_days_Day1_Control_rat5_11-20-44_DS.png,7_scanning,6
Video_Morris_Maze_90_days_Day1_Control_rat1_11-08-43_DS.png,../data/../data/7_scanning/Video_Morris_Maze_90_days_Day1_Control_rat1_11-08-43_DS.png,7_scanning,6
Video_Morris_Maze_30_days_Day4_Control_rat2_12-04-24_DS.png,../data/../data/7_scanning/Video_Morris_Maze_30_days_Day4_Control_rat2_12-04-24_DS.png,7_scanning,6
Video_Morris_Maze_30_days_Day1_Control_rat5_11-45-28_DS.png,../data/../data/7_scanning/Video_Morris_Maze_30_days_Day1_Control_rat5_11-45-28_DS.png,7_scanning,6
Video_Morris_Maze_30_days_Day1_Protons_rat1_12-22-42_DS.png,../data/../data/7_scanning/Video_Morris_Maze_30_days_Day1_Protons_rat1_12-22-42_DS.png,7_scanning,6
Video_Morris_Maze_90_days_Day3_Control_rat5_10-27-38_DS.png,../data/../data/7_scanning/Video_Morris_Maze_90_days_Day3_Control_rat5_10-27-38_DS.png,7_scanning,6
Video_Morris_Maze_90_days_Day2_Control_rat6_10-50-50_DS.png,../data/../data/7_scanning/Video_Morris_Maze_90_days_Day2_Control_rat6_10-50-50_DS.png,7_scanning,6
Video_Morris_Maze_90_days_Day4_Control_rat6_11-53-08_DS.png,../data/../data/7_scanning/Video_Morris_Maze_90_days_Day4_Control_rat6_11-53-08_DS.png,7_scanning,6
Video_Morris_Maze_90_days_Day1_Protons_rat1_11-46-23_DS.png,../data/../data/7_scanning/Video_Morris_Maze_90_days_Day1_Protons_rat1_11-46-23_DS.png,7_scanning,6
Video_Morris_Maze_90_days_Day3_Protons_rat1_10-55-45_DS.png,../data/../data/7_scanning/Video_Morris_Maze_90_days_Day3_Protons_rat1_10-55-45_DS.png,7_scanning,6
Video_Morris_Maze_90_days_Day4_Protons_rat5_12-44-59_DS.png,../data/../data/7_scanning/Video_Morris_Maze_90_days_Day4_Protons_rat5_12-44-59_DS.png,7_scanning,6
Video_Morris_Maze_30_days_Day1_Protons_rat2_12-27-04_DS.png,../data/../data/7_scanning/Video_Morris_Maze_30_days_Day1_Protons_rat2_12-27-04_DS.png,7_scanning,6
Video_Morris_Maze_30_days_Day1_Control_rat5_11-47-50_DS.png,../data/../data/7_scanning/Video_Morris_Maze_30_days_Day1_Control_rat5_11-47-50_DS.png,7_scanning,6
Video_Morris_Maze_30_days_Day4_Protons_rat7_12-56-10_DS.png,../data/../data/7_scanning/Video_Morris_Maze_30_days_Day4_Protons_rat7_12-56-10_DS.png,7_scanning,6
Video_Morris_Maze_Before_Irradiation_Day1_Protones_group3__rat1_15-46-08_DS.png,../data/../data/8_thigmotaxis/Video_Morris_Maze_Before_Irradiation_Day1_Protones_group3__rat1_15-46-08_DS.png,8_thigmotaxis,7
Video_Morris_Maze_30_days_Day4_Protons_rat2_12-44-08_DS.png,../data/../data/8_thigmotaxis/Video_Morris_Maze_30_days_Day4_Protons_rat2_12-44-08_DS.png,8_thigmotaxis,7
Video_Morris_Maze_Before_Irradiation_Day1_Protones_group3__rat4_16-02-11_DS.png,../data/../data/8_thigmotaxis/Video_Morris_Maze_Before_Irradiation_Day1_Protones_group3__rat4_16-02-11_DS.png,8_thigmotaxis,7
Video_Morris_Maze_30_days_Day1_Protons_rat6_12-44-11_DS.png,../data/../data/8_thigmotaxis/Video_Morris_Maze_30_days_Day1_Protons_rat6_12-44-11_DS.png,8_thigmotaxis,7
Video_Morris_Maze_30_days_Day1_Protons_rat4_12-32-20_DS.png,../data/../data/8_thigmotaxis/Video_Morris_Maze_30_days_Day1_Protons_rat4_12-32-20_DS.png,8_thigmotaxis,7
Video_Morris_Maze_Before_Irradiation_Day1_Protones_group3__rat5_16-10-23_DS.png,../data/../data/8_thigmotaxis/Video_Morris_Maze_Before_Irradiation_Day1_Protones_group3__rat5_16-10-23_DS.png,8_thigmotaxis,7
Video_Morris_Maze_Before_Irradiation_Day1_Protones_group3__rat3_15-53-33_DS.png,../data/../data/8_thigmotaxis/Video_Morris_Maze_Before_Irradiation_Day1_Protones_group3__rat3_15-53-33_DS.png,8_thigmotaxis,7
Video_Morris_Maze_Before_Irradiation_Day3_Protons_rat5_13-32-03_DS.png,../data/../data/8_thigmotaxis/Video_Morris_Maze_Before_Irradiation_Day3_Protons_rat5_13-32-03_DS.png,8_thigmotaxis,7
Video_Morris_Maze_Before_Irradiation_Day1_Protones_group3__rat4_15-59-55_DS.png,../data/../data/8_thigmotaxis/Video_Morris_Maze_Before_Irradiation_Day1_Protones_group3__rat4_15-59-55_DS.png,8_thigmotaxis,7
Video_Morris_Maze_30_days_Day1_Control_rat7_11-55-35_DS.png,../data/../data/8_thigmotaxis/Video_Morris_Maze_30_days_Day1_Control_rat7_11-55-35_DS.png,8_thigmotaxis,7
Video_Morris_Maze_30_days_Day1_Protons_rat4_12-31-05_DS.png,../data/../data/8_thigmotaxis/Video_Morris_Maze_30_days_Day1_Protons_rat4_12-31-05_DS.png,8_thigmotaxis,7
Video_Morris_Maze_Before_Irradiation_Day1_Protones_group3__rat6_16-12-07_DS.png,../data/../data/8_thigmotaxis/Video_Morris_Maze_Before_Irradiation_Day1_Protones_group3__rat6_16-12-07_DS.png,8_thigmotaxis,7
Video_Morris_Maze_30_days_Day3_Protons_rat5_11-50-03_DS.png,../data/../data/8_thigmotaxis/Video_Morris_Maze_30_days_Day3_Protons_rat5_11-50-03_DS.png,8_thigmotaxis,7
Video_Morris_Maze_Before_Irradiation_Day1_Protones_group3__rat2_15-49-38_DS.png,../data/../data/8_thigmotaxis/Video_Morris_Maze_Before_Irradiation_Day1_Protones_group3__rat2_15-49-38_DS.png,8_thigmotaxis,7
Video_Morris_Maze_30_days_Day1_Protons_rat1_12-23-38_DS.png,../data/../data/8_thigmotaxis/Video_Morris_Maze_30_days_Day1_Protons_rat1_12-23-38_DS.png,8_thigmotaxis,7
Video_Morris_Maze_Before_Irradiation_Day1_Protones_group3__rat7_16-18-57_DS.png,../data/../data/8_thigmotaxis/Video_Morris_Maze_Before_Irradiation_Day1_Protones_group3__rat7_16-18-57_DS.png,8_thigmotaxis,7
Video_Morris_Maze_Before_Irradiation_Day1_Control_morris_test_rat5_13-28-33_DS.png,../data/../data/8_thigmotaxis/Video_Morris_Maze_Before_Irradiation_Day1_Control_morris_test_rat5_13-28-33_DS.png,8_thigmotaxis,7
Video_Morris_Maze_Before_Irradiation_Day4_Control_rat5_13-15-58_DS.png,../data/../data/8_thigmotaxis/Video_Morris_Maze_Before_Irradiation_Day4_Control_rat5_13-15-58_DS.png,8_thigmotaxis,7
